room,level,num_players,num_mobs_killed,num_towers_killed,num_minibosses_killed,num_bosses_killed,num_clicks,num_abilities_activated,num_players_reaching_milestone_level,num_ability_items_activated,num_active_players,time_simulating,time_saving
48581,100000000,1201,54978,18390,4119,680,72372219,3030357,1500,11197328,256,11.749518840212,42.235019411664
48520,100000000,1320,96791,32376,7371,1226,47371200,5182589,1500,14014970,27,2.1799875791464,37.788888780193
48583,100000000,1286,92553,30954,7288,1211,77408676,3558039,1500,12332069,265,11.818469746383,30.382061521534
48275,100000000,1292,207018,69240,16092,2682,110297794,22892698,1500,19684488,167,7.0667116747777,57.312135506301
48595,100000000,1386,156365,52302,12381,2060,32140384,4867817,1500,14038444,332,12.152578724864,49.90917504599
48273,98737259,1500,329720,110277,25872,4310,69057015,18783792,1500,20222106,520,3.2665164593836,57.57356234292
48625,96217498,1500,446341,149256,35082,5847,49746849,8674261,1141,13380328,529,7.4966716029481,91.009693927772
48294,92677879,1500,304230,101757,24084,4013,88414043,20313309,1429,18467950,532,10.911905145723,57.346124751302
48293,72369399,1500,327190,109422,25854,4308,75226512,21204406,1500,15266581,603,8.1631019748473,68.633014328942
48274,70762707,1500,404708,135357,31764,5294,92785916,16792115,1500,16050990,436,4.5908682024731,105.67880100499
48297,55157229,1500,507640,169767,40386,6731,74132977,17460554,1152,11382869,383,1.7308112778036,63.330102868107
48272,53969749,1500,497566,166416,39456,6575,110047651,18408835,1500,12564792,358,3.0105446203733,72.499792988611
48271,46137449,1499,351787,117630,28710,4784,79833877,16816253,1499,10606077,368,2.1337782659335,67.979546666527
48403,41767899,1500,289516,96822,23490,3914,69025607,13153398,1163,8735480,376,5.2268247280009,67.575427251288
48295,27056450,1500,371254,124161,30732,5122,56074207,11602355,1311,7198644,254,10.2200244375,50.915012902415
48930,26903484,1500,341394,114183,28080,4680,20232034,4881846,1016,5332978,434,3.6192530880619,592.92179440738
48296,26621199,1500,478081,159891,37968,6327,84083173,12194240,1170,6660972,232,2.1550287760566,68.678471355896
48404,26578299,1500,472577,158052,38172,6361,66741301,9528924,1111,5701090,243,5.6874691090782,60.213889659701
48376,17273299,1497,314897,105306,27756,4625,33701263,3312407,1050,3167118,108,5.0053780642232,379.09888769089
48915,10900579,1273,473777,158469,39696,6615,27896951,6768596,1224,13062543,445,4.1345928419968,649.47927007733
48380,9764835,1482,247446,82763,20982,3497,32342983,1991007,1019,1717631,83,6.0797549107553,330.88025540907
48237,7754709,1487,459658,153732,40452,6741,25730530,2956327,1094,2387845,89,1.2330448709677,389.02352907547
48278,7099799,1295,107877,36084,8454,1408,15776830,1266895,991,1370683,65,1.5747259905975,397.48020210519
48219,6963718,1197,292513,97817,22368,3728,43916950,3936517,921,2587860,95,6.1068928354767,232.12890847508
48669,6181608,1453,15724,5228,1128,188,34946618,242511,984,1084772,195,9.3003207053647,243.82547745025
48173,2963499,1499,272354,91092,24162,4026,24345266,1464888,995,1040364,48,3.2978753202597,673.03159837926
48140,2676499,1499,501017,167577,43872,7311,22377593,1559003,994,1195376,64,4.2255046504169,415.41028738187
48261,1853769,1500,127248,42561,10999,1833,16843282,534321,981,558387,45,2.9648470545408,199.33665513088
48175,1613767,1499,375410,125538,32502,5417,18545763,1208367,1012,890475,58,4.1726834483614,544.09489931069
48171,1575369,1496,464842,155472,40464,6743,21165751,1439275,999,1023223,58,0.81709672357197,430.3288330021
48141,1461262,1499,229138,76635,19632,3272,19253150,1038540,984,595322,67,5.9832065396273,393.19809962249
48241,1388699,1497,485449,162348,42306,7050,22946154,1403681,989,980917,52,3.0305650553169,564.15506843458
49050,1350382,1500,47750,15972,3984,664,8978375,889561,1472,906184,1119,3.2538648801581,50.87338601869
48151,1224069,1495,363060,121422,32383,5397,18105737,1162113,1003,882060,62,3.1746954627377,392.09640985981
48159,1116999,1495,285225,95382,25584,4263,21645064,851788,1008,656701,43,4.6910261380904,315.07203121421
48179,1112089,1499,394704,132015,35364,5893,19427100,1176626,997,764170,64,2.9918734767973,377.38810531749
48208,1082659,1500,476966,159546,42558,7092,22826787,1406134,1010,979024,62,4.7287602248749,680.89742108546
48221,1032460,1500,211477,70721,18096,3016,19096794,737786,996,512422,72,2.5303934641349,297.4981884351
48178,1001772,1498,205151,68612,17868,2978,17054340,726532,1006,546895,64,4.4341612335895,493.98415134436
48174,972059,1499,246390,82401,22164,3694,17260165,533475,1003,492825,61,1.1543100668086,337.51131231884
48213,964519,1499,421269,140913,36756,6125,20909414,1182085,1006,757728,78,2.321022758777,510.17922119196
48190,963340,1499,127608,42671,10476,1746,13244406,518866,993,492084,62,2.296616552335,284.83649850991
48197,777858,1178,63426,21214,5316,886,12662543,185897,982,239132,53,10.142587854871,143.03963850206
48230,773469,1499,340728,113952,29142,4856,16114901,720328,1016,634602,56,1.6313145384295,491.93609578508
48220,754597,1499,153909,51473,12972,2162,15510004,484953,1012,438960,49,4.8426294666053,322.18414939665
48264,741541,1497,311938,104320,27156,4526,15496405,733775,996,589487,59,1.9787358899032,308.3427126405
48189,628448,1500,492161,164603,42786,7131,17131879,1216000,1003,780275,58,1.5658230945317,338.06246198331
48224,625879,1499,201594,67434,17046,2840,15565811,648621,990,518879,64,0.68319892930957,258.43349047681
48143,613509,1274,60987,20400,5115,852,10624927,209440,984,251637,38,3.1934289837645,193.74132396022
48501,576654,1036,6976,2297,564,94,5896226,102475,985,119217,11,2.3766249975757,77.796475134027
48196,562299,1500,333616,111564,29082,4846,15232203,751901,1028,657446,39,1.8130279146953,320.85194853331
48450,560242,1033,10967,3643,966,161,9177389,97741,974,120708,18,0.9641459162159,108.35136341172
48157,547705,1499,331867,110976,28500,4750,14835336,833051,1012,590918,58,2.0786903470805,486.46016781473
48379,519803,1226,40179,13427,3420,570,13827262,193770,1019,150475,29,2.6657469089129,118.47978743515
48144,513399,1499,274808,91911,24216,4035,17945532,792169,1004,508713,54,1.9666698797144,381.82828467561
48233,433669,1500,287849,96267,24492,4081,15729038,667145,980,473814,38,1.6643246295443,439.81290859086
48202,419599,1320,125699,42045,10505,1751,13323054,417795,1000,301643,53,16.687332233085,291.42846696531
48328,412929,1090,23664,7899,1935,323,7187632,130391,990,136518,29,1.8133525980595,178.34082657515
48269,380724,1082,52863,17673,4740,790,9740966,170630,944,200609,32,5.3879047176685,198.38912006427
48368,371198,1143,26170,8753,2274,379,10199771,102998,979,129501,26,2.4438364832514,119.03572154827
48265,369336,1093,26192,8759,2442,407,8722684,107202,994,143162,31,2.9337037142292,149.1681189694
48372,362859,1130,11454,3798,919,153,8589307,61766,980,93468,23,2.5787232735875,54.053005713714
48181,334298,1148,36989,12371,3264,544,10121477,85226,993,122442,26,9.254310905195,127.3567329181
48243,332819,1180,52082,17424,4350,725,9908519,165512,983,188403,34,0.90463634706574,139.96954333341
48186,331305,1492,199643,66766,16962,2827,15063443,541397,999,378779,63,8.072933079597,129.73270000059
48612,315984,1016,3814,1233,342,57,3318014,26282,985,68794,16,2.6047525601868,64.703757250984
48184,311199,1277,70872,23706,6183,1030,10240139,193228,994,219185,41,2.2196759807777,183.73012563753
48191,310328,1219,23118,7725,2082,347,8426504,101507,987,155451,24,3.8650482421355,131.02486947077
48690,307041,1031,19948,6673,1596,266,11866559,103282,979,91919,24,7.9921271360971,30.386805841495
48209,299199,1255,138156,46203,11454,1908,13394131,378008,1006,321032,52,2.8159256322389,215.15603626548
48424,296579,1103,19121,6372,1516,252,5956920,71694,997,134742,19,6.4098518943485,116.21971388057
48291,288755,1159,24800,8292,2238,373,9561454,77094,979,114118,27,2.1314874749532,150.85438464984
48154,268699,1247,83374,27891,6963,1160,10727410,217545,997,238012,41,2.7522051909233,243.70648600468
48298,268193,1083,21664,7227,1716,286,5424686,55771,970,153782,17,0.99502122981254,85.220141459658
48500,266783,1070,17145,5727,1518,253,6830727,50872,976,75775,14,0.73364971988681,99.110218583564
48216,266619,1100,25645,8571,2177,363,6272216,60793,972,94309,25,4.5673297153013,79.886566560301
48263,266479,1490,121519,40653,10638,1772,14168678,295117,995,270278,38,3.1712656002031,258.20614052456
48329,264159,1097,25073,8382,2305,384,8218931,85158,988,107300,24,0.57344510923909,47.714089324792
48757,251389,978,15145,5067,1310,218,6708233,56447,989,83878,21,17.193271920076,117.17587769934
48244,242259,1172,67903,22704,5661,943,9979587,231079,986,235664,34,5.0725441746738,216.89513265144
48894,226596,1012,45928,15362,3432,572,3718648,522768,993,251330,16,3.1415663935811,152.44324301435
48231,225213,1217,49709,16621,4074,679,10183779,154039,980,157268,33,1.0610063919176,101.73896101083
48759,220216,996,7186,2391,690,115,6661296,43909,991,50426,24,12.320335988984,36.309299676423
48253,219660,1191,61566,20591,5226,871,11999983,204245,981,149299,33,4.9184978529206,166.50785844986
48218,219399,1499,153533,51342,13361,2226,12980007,299474,982,292001,36,2.9220155603983,238.80426006649
48649,214098,1050,16745,5586,1422,237,9084240,95560,1005,80030,19,3.6266694500486,84.111319988079
48246,209676,1082,26607,8900,2472,412,8992098,111506,987,116968,22,6.0061356334684,117.37373038377
48232,208871,1199,56580,18918,4806,801,8269645,159498,998,183350,30,4.8705653283588,153.96939002634
48158,198599,1354,86064,28788,6843,1140,8809934,260432,993,202854,27,7.2419962805108,269.85438858317
48333,195094,1089,20377,6808,1788,298,7113709,52841,993,75752,21,0.31438325968126,79.021377851467
48195,194484,1146,26142,8742,2418,403,8345928,86029,987,110985,33,1.64424489973,101.71528951518
48356,192139,1112,13976,4656,1254,209,6218975,38762,989,64974,17,3.5771743633229,78.159867568878
48590,192036,1018,48064,16076,3738,623,5236586,263349,984,232635,22,5.1427467988501,48.766444873886
48323,185629,1066,20724,6918,1630,271,6416969,46574,988,81557,22,4.2243502648678,94.257250677211
48684,176898,1025,7769,2580,678,113,5055104,17551,983,48174,18,8.0873078277533,63.57607291976
48361,172199,1089,21149,7068,1996,333,6661219,86054,977,112024,24,2.1182713765023,132.72493167104
48449,169542,1012,3356,1099,246,41,4200246,28787,988,67728,13,4.7586334389644,50.978113892865
48358,162954,1047,16894,5630,1272,212,7085999,114331,975,101399,11,6.4817666285081,111.69441593242
48236,162789,1419,118836,39744,10038,1672,11483599,229400,1000,238098,29,4.31547275802,233.63168057993
48308,161019,1098,30227,10113,2518,419,9088545,94332,985,91663,22,3.2791565697992,87.45975817265
48247,155469,1293,58646,19617,5030,838,11224831,180345,984,188241,21,2.673820059251,159.19970029996
48201,153689,1344,150278,50244,12570,2094,11823896,233010,1010,258622,35,2.1497416601166,103.63485404088
48150,148586,1161,50994,17055,4164,694,8989912,155398,983,163967,23,6.1132786944095,54.4742968961
48228,148576,1315,82350,27542,6792,1132,8535531,219061,993,213563,35,3.2034871154621,121.46123344947
48276,145295,1153,49894,16682,4080,680,8980590,160917,995,140286,22,3.190802203522,208.4908168093
48727,144647,1000,5961,1970,510,85,4176041,37306,982,55445,11,6.3077213194494,59.87036955804
48284,143376,1048,12508,4154,1116,186,6483411,43061,993,65273,26,3.0797200964252,60.103396389963
48443,138247,1073,9175,3036,852,142,6632246,49253,993,53500,26,1.5514056760309,59.819568419689
48155,138009,1407,90414,30234,7853,1309,10027764,210939,996,233782,23,0.88177291764097,177.2910766269
48407,136443,1108,10783,3579,984,164,6101906,33444,992,62859,15,2.5885674109934,76.102452582724
48446,136079,1118,26218,8763,2152,358,6531922,39456,997,65263,20,6.9485263263798,128.45010632329
48248,135729,1148,27942,9345,2349,391,9237076,76979,995,106823,23,8.0531675810203,99.156701274677
48280,134963,1111,20034,6681,1578,263,5536544,59429,995,95818,21,3.9015269450018,148.03463105582
48242,134175,1177,120279,40220,10140,1690,15377227,260115,996,198223,46,1.9399352611885,93.932834844677
48142,133598,1242,59624,19944,4830,805,10162922,123948,987,154444,33,4.6235724018219,180.42184895255
48203,133379,1240,86837,29040,7250,1208,8955242,246450,991,216590,36,2.9343458713194,154.63798728227
48259,132806,1149,55230,18467,4380,730,11726082,127367,983,133374,43,1.7589880722446,112.7513666126
48696,132779,986,6520,2151,592,99,5020600,22043,992,50083,29,0.50400642993737,48.477311798371
48858,127973,1002,4007,1320,342,57,5231611,35751,989,37833,16,2.3423401932457,65.063997686292
48342,126354,932,1441,469,156,26,3438965,13540,972,32634,15,2.9477328548202,44.780710543948
48768,125619,971,1907,624,242,39,1951683,15234,985,35505,17,0.78044973640256,45.041540338924
48206,124689,1265,54509,18231,4490,748,10971898,128895,999,143408,21,1.2236062822192,86.583450456885
48798,123648,977,5664,1875,588,98,3991844,52034,994,49315,11,0.94732486908606,42.463357926223
48262,122114,1091,16391,5436,1434,239,6159476,41289,979,119557,24,4.8010122936524,94.235010453796
48212,121619,1265,47337,15831,3570,595,8732687,114669,994,153767,25,2.8561966490012,159.51800459526
48539,121529,1067,7199,2382,642,108,4522097,18117,1000,42737,13,6.481217957549,66.988020424955
48339,121322,1116,14107,4691,1314,219,6325409,47958,992,71712,31,2.7317811608636,61.786174856484
48660,121099,1010,25135,8391,2430,405,3869650,107628,985,116607,15,0.75455303856518,492.5021990459
48153,120239,1117,26407,8832,2215,369,7995474,56778,973,109989,21,1.0472109351558,57.037958201219
48650,118014,1019,20209,6753,1764,294,6729429,36123,981,53627,19,2.5856863073591,87.331042921641
48180,115905,1071,34030,11380,2952,492,6442729,73072,989,150274,28,1.5558414591646,690.22608437392
48518,114943,1006,8232,2727,774,129,4356241,25537,989,43646,12,32.62218094812,87.083013944108
48217,114079,1163,101128,33819,8717,1452,12393655,219596,994,197996,33,2.1725239756008,174.72604854077
48532,113339,1006,8087,2676,765,128,4231943,21406,983,47125,19,2.1340625658329,93.556457094616
48166,111829,1181,45836,15327,4040,673,9100926,108183,979,148318,21,3.6958698842612,173.6015151299
48165,111689,1165,27208,9102,2472,412,10609522,92881,993,101312,28,1.9296426419724,77.480593247107
48748,111109,1011,10697,3555,801,133,3514220,95729,997,86013,13,9.5130223476238,92.819442478439
48377,110079,1104,14710,4905,1242,207,8330337,43603,1008,62062,18,2.0717313369797,63.078305918832
48176,109499,1222,63045,21096,5253,876,8320340,112990,993,148789,30,1.8008286308899,118.00868579325
48738,107399,997,5787,1905,573,95,5338811,18450,993,37409,17,3.6152229791592,65.936235868504
48615,106147,967,3038,992,258,43,4055657,22907,990,43322,8,7.8873849927671,61.31910869725
48198,105959,1253,72344,24195,5968,994,10489367,191933,997,227619,28,2.9330355849329,192.35650807703
48300,105499,1076,19264,6441,1663,277,7143310,51480,994,75349,21,0.92247814083526,61.627896696112
48252,102499,1305,56567,18912,4577,762,10165965,133445,995,160817,25,1.9070949859038,135.40184341605
48534,101509,1001,6483,2142,583,97,5347341,14502,982,37730,14,2.7698229592511,78.791530831335
48240,100539,1233,100869,33735,8435,1405,11871426,226735,995,241450,37,15.644837327767,233.63550397047
48349,97582,1049,19385,6480,1824,304,6447041,32961,979,71476,16,1.4039524130902,116.20064858847
48543,97341,1047,8017,2631,630,105,5536287,29182,994,45366,17,7.7327733565674,59.409404910958
48571,96655,1035,6892,2277,546,91,5041572,21010,993,44664,19,2.976535475658,86.567351531975
48593,96269,1031,12114,4044,1124,187,4538776,36668,984,52601,20,2.3627863280017,112.49132204563
48480,96195,1092,10824,3594,942,157,7784689,39046,987,51823,17,2.0983421082034,81.975503656554
48251,95559,1127,18871,6276,1681,280,6079178,52794,983,92593,20,4.5994627907471,68.166057952218
48385,90803,1140,22693,7588,1914,319,7638499,71145,986,70369,18,3.2779248567216,136.93672249793
48371,89797,1084,9085,2992,696,116,5263849,28786,995,94680,19,2.1448430755381,56.788071449682
48152,84260,1240,69241,23155,5832,972,9598918,172092,990,155825,33,2.5602992680792,184.75263624566
48351,83379,1084,18974,6330,1760,293,7175998,31682,979,62278,22,1.5040890101724,89.055722098927
48370,80419,1129,22952,7680,1815,302,6923128,45992,988,79667,19,0.78180980690468,84.711705648611
48200,80399,1085,77683,25986,6443,1073,11344525,107977,989,140983,27,1.1549599817577,159.9579568781
48340,79891,1127,18672,6220,1770,295,6280790,54431,1002,80726,23,6.3560421788663,88.141377231877
48431,79859,1052,7927,2628,656,109,5849928,19373,994,37172,15,4.3074041426068,47.964420520746
48290,79784,1045,9819,3243,732,122,4606429,24236,993,58609,14,2.1283528360604,65.227965865211
48211,79477,1100,18179,6066,1644,274,8277119,44165,992,70610,19,6.171941223903,66.502102678873
48313,78850,1102,16610,5524,1458,243,4964368,25144,979,71285,15,3.3457039333714,108.9643245388
48566,77847,991,4184,1338,342,57,2075375,25198,994,45430,13,6.3516323669191,57.838628663953
48227,77589,1112,25164,8412,2211,368,6787179,43978,992,89196,19,4.1797007067257,74.076096642107
48529,76914,1066,7450,2456,618,103,3528567,27693,992,90101,19,6.691638990402,106.09895010725
48937,74599,974,2060,660,157,26,1218827,13346,989,26428,8,3.5056485258109,55.943302555304
48345,74579,1120,30818,10299,2181,363,6169655,114390,956,110333,23,0.93997709959757,63.691281539509
48644,72889,1007,6729,2214,715,120,5914625,22349,984,38767,14,3.9694965307299,82.886755589139
48698,72481,1028,9920,3300,870,145,5385177,27456,993,41293,14,2.6167289724854,72.214122147647
48444,71235,1068,6234,2040,540,90,4859022,18626,987,48047,12,1.1138811077051,65.96718447157
48613,70889,1003,7187,2376,603,101,4199456,22628,982,46460,25,2.8464599310166,83.288997136629
48550,69830,1055,5494,1800,456,76,4581531,18143,998,39340,12,3.0960711700813,90.565218497987
48234,69613,1018,18016,6000,1500,250,6539624,44830,977,74740,23,2.6851035053249,68.435772596436
48177,69129,1136,35454,11856,3044,507,7877177,67506,994,117267,12,0.67729133954,108.4268623193
48884,68616,945,1206,372,72,12,1266948,3758,983,19241,7,4.6452264100492,41.445842050511
48367,68217,1063,16298,5430,1404,234,6385378,47967,991,88380,15,4.7948356519994,43.264701528746
48547,68013,1000,2496,810,246,41,2632724,13881,986,30774,8,5.298965098931,57.863903841614
48245,66754,1192,54655,18270,4722,787,7798662,103706,984,155813,18,1.7284106355499,198.08257615142
48279,65569,1109,19446,6498,1777,297,6889777,46269,984,71213,21,3.4455477297228,88.179230973819
48629,65244,984,11412,3808,990,165,3386032,19077,991,44456,15,4.3120120269803,101.95047803308
48337,63099,1099,21183,7080,1823,303,7923821,39312,991,63477,26,6.1737402028173,102.70660647005
48147,62539,1066,27027,9039,2240,373,7951945,40836,969,85747,24,4.3518611194774,93.880262620261
48332,60423,1036,23793,7920,1776,296,4978395,182656,991,113296,13,4.1301106426142,81.217357615361
48498,59549,1006,4516,1476,414,69,4940140,10593,977,38707,13,5.5717920569673,80.041489257589
48438,59089,1074,9945,3291,1035,172,4914230,22701,987,42347,13,1.3376643551034,20.842085764073
48796,59079,988,11616,3876,1020,170,10273410,50219,1001,39301,10,4.5615402391599,92.72973536809
48260,58746,1168,27935,9342,2514,419,7372241,72225,991,88176,19,2.7594968605463,108.06050304788
48632,58259,983,3879,1263,324,55,2803580,11630,988,31706,17,2.9787736346874,82.071289216462
48628,57721,1012,10300,3430,834,139,4044164,16354,1009,38212,15,2.367154183078,81.576217623777
48740,57305,1012,5614,1849,672,112,3589260,31319,974,30937,8,4.453151844407,64.558932408351
48461,57172,1037,4978,1610,450,75,4447104,11355,987,34531,11,4.9851955244725,86.844219217221
48729,56589,979,3005,957,287,48,2808328,11163,990,24746,15,9.8673279867962,38.73089959639
48692,56146,984,2565,828,276,46,2784928,18276,978,29136,16,1.3686008930875,42.257194495107
48530,55570,996,3216,1037,294,49,2031781,11573,998,38395,15,6.350239152896,36.56279393645
48694,54589,993,5011,1653,526,88,4431748,16190,985,35179,12,6.5503186753983,61.651721108896
48826,54469,984,6218,2064,595,99,5517208,15780,983,35201,15,3.3536839708396,60.268702560631
48145,54434,1137,45717,15295,3666,611,7096811,95467,977,119572,14,5.090615249464,129.99114540757
48254,54279,1049,17054,5610,1500,250,5186173,42214,964,91234,13,0.8457669053532,73.877375474812
48695,54049,1012,10091,3351,894,149,3986955,17867,997,38780,11,5.6944048684576,93.993699532991
48317,54032,1077,4992,1644,450,75,3228624,15906,986,43731,11,20.30057218346,90.922680957197
48307,53792,1070,16187,5399,1344,224,6432312,41512,987,53133,15,2.4730030618719,69.420889074969
48872,53020,977,3802,1256,330,55,4821111,14914,977,24397,18,4.261973443178,62.393897656902
48199,52579,1139,75661,25302,6151,1025,8886553,132139,1000,173990,20,4.7908426822789,120.30145055251
48594,51442,1044,10534,3478,864,144,4141050,15580,983,41398,8,2.1934025162093,91.931536643527
48207,51289,1118,34962,11691,2868,478,8456636,99531,986,105463,19,1.2545371851418,82.812290435785
48750,51136,959,2701,840,198,33,1437465,21578,982,35941,10,10.64163326828,48.611750828782
48226,51039,1136,34201,11427,2905,484,5535037,92688,995,120611,19,4.4582022792159,80.353931451391
48984,50565,985,3032,997,264,44,2567810,17367,993,25704,21,3.0585776315376,42.142430884723
48445,50214,1038,2382,765,156,26,1851671,5818,997,41771,7,2.22229669567,82.347186098893
48419,50141,997,3202,1035,283,47,1715978,16203,989,33105,10,4.2224514803873,80.875603181796
48299,49279,1057,21381,7149,1899,316,5855943,38599,977,76091,23,1.6783989234968,71.593226832982
48267,48850,1285,40566,13560,3618,603,10033930,98502,1046,120860,27,2.3471300429504,108.39718227242
48401,48820,998,3107,1005,264,44,2229644,8125,986,30411,8,5.8361712692636,39.316786671794
48913,48349,979,6270,2088,537,90,3505595,18965,975,30091,19,1.9024541649678,87.092358376615
48774,48164,980,7839,2598,666,111,3418825,50092,993,81040,8,5.0985037073459,75.996014619255
48812,47786,982,5156,1690,559,93,4469425,12311,985,30868,15,4.6553374906466,68.068459357365
48764,47747,977,2446,792,240,40,3161562,7700,984,23528,4,6.5127471054446,93.860744592261
48378,47452,1027,6987,2283,606,101,5362429,30196,986,46039,11,7.4290912570485,48.559569809994
48511,47419,996,10121,3360,882,147,4639573,19789,977,40924,11,7.1477207798132,63.590654766133
48310,46679,1102,37974,12693,2881,480,6656556,49913,995,85562,21,5.5108421799711,146.79037880932
48163,46299,1146,46517,15561,3814,635,7842652,89462,988,120311,18,52.484738651008,120.00518334076
48359,44518,1052,8483,2778,738,123,3534603,18761,992,48762,21,3.8484574073446,62.325892905502
48482,43950,1054,5693,1859,450,75,4132164,12150,987,45527,9,1.5095189873168,89.579092962092
48725,43842,984,3342,1100,372,62,2960322,8252,988,27177,13,7.5777274857036,73.442578233031
48467,43699,1055,5242,1710,390,65,1843007,21810,987,60530,10,1.7714212249656,67.000251909745
48946,43435,990,3375,1110,234,39,3487565,11845,1001,20240,12,2.7464427837739,48.730143772554
48477,43211,1031,8638,2846,714,119,4831491,27314,991,44851,20,0.80441965190962,44.778187911903
48553,42922,988,2033,663,222,37,1449930,7489,982,23462,8,9.8559791079258,66.750873580033
48205,42733,1149,44277,14813,3558,593,8433789,97414,995,136676,18,2.4377154763626,210.9822074554
48911,42494,989,3771,1247,354,59,2605844,12328,987,35433,12,2.3045232729222,73.892302231784
48249,41859,1111,39921,13350,3535,589,7933290,70186,978,95996,19,8.5393143612612,116.20229519421
48235,41722,1114,33915,11340,2874,479,6359334,79662,989,94902,19,10.654308091099,93.066639043456
48395,41392,971,1447,450,90,15,974088,3969,998,24534,12,2.5167591071008,48.705278349994
48610,41389,1009,6482,2139,564,94,5053965,13790,981,30356,13,8.4981498353678,67.059570030118
48736,41331,983,2578,816,180,30,2663306,12527,993,24289,10,4.3610343755278,74.0035225043
48663,40999,996,9543,3174,854,142,4526027,14788,980,35599,18,4.9104602571976,49.461383073668
48394,40709,1048,7505,2466,604,101,5889741,19224,1001,39498,15,3.0196817324178,124.40989861894
48705,40261,988,2496,815,246,41,2823739,11528,983,29610,11,5.8891231746707,28.587557932269
48624,40212,1023,6149,2019,540,90,4052148,31458,993,36580,14,5.2868757931789,44.889852520736
48584,40130,1021,6978,2301,576,96,2750486,19266,985,42960,19,6.4758350020293,91.184509935134
48164,39039,1103,45708,15291,3771,628,7926936,64036,992,103433,21,3.2004105378194,91.185566082401
48497,39025,994,3850,1254,318,53,2928469,13180,989,34345,9,1.8312000959362,68.212700238265
48598,38519,1008,3292,1071,264,44,3002026,9697,997,33479,11,2.5875863163536,78.382817744954
48927,38170,973,4044,1333,354,59,2804392,19370,983,21251,16,2.1817372906227,56.345554861102
48210,38166,1194,41068,13743,3282,547,7754672,69546,975,109037,21,2.0420080885103,102.4228533801
48270,38109,977,5604,1812,513,85,3594965,12373,948,41317,9,0.86649655345955,42.817930611835
48918,37642,985,2269,742,198,33,2692035,6721,998,21568,8,2.2176271427955,51.570021137811
48156,37512,1169,29008,9693,2670,445,5671136,58527,993,109925,12,0.40346374242839,72.876081486688
48732,37318,997,5186,1703,522,87,3623894,14974,990,35341,17,2.6198068834379,46.950117388542
48375,37276,1081,8330,2743,678,113,5197726,14849,989,38278,16,1.5177023201852,51.167537880218
48834,37099,979,6600,2196,544,90,6119963,17802,982,21045,14,0.75441020102999,31.009355697363
48793,36985,979,2637,856,222,37,3241118,9470,993,21385,12,7.9294419289348,45.458712141696
48689,36863,1027,4618,1519,408,68,3795745,21382,1007,29351,8,7.5431551015061,51.28630331206
48427,36098,1079,9998,3292,798,133,4273463,15041,983,39290,14,1.3116963475651,52.175783663642
48257,35729,1148,35881,11997,3001,500,7841592,66759,984,102304,20,6.6484297934539,102.46814893374
48779,35719,987,2059,675,189,32,1945005,9843,986,27814,8,5.2978073502295,78.291067391712
48318,34175,1048,16568,5532,1470,245,6681204,21699,982,62196,19,1.1125470607292,62.365175109622
48311,34169,1072,9805,3213,858,143,4245472,26327,975,65548,14,2.0144877462344,106.87091422264
48335,33939,1097,17484,5832,1497,249,5336256,30193,990,66815,12,0.7136915559357,85.202653147831
48622,33824,1014,4070,1327,354,59,4383560,18559,973,29355,10,5.7442741538603,63.216171756918
48469,32776,1060,5647,1824,444,74,3651193,10821,999,36565,7,4.7969669250073,65.49960579885
48229,32424,1140,57088,19084,4818,803,13000238,83778,987,115530,24,8.2798654344545,162.07183566764
48321,32129,1068,12418,4128,1033,172,4134490,19289,993,55799,15,0.61977466916941,57.232282651356
48250,32123,1029,11630,3836,882,147,4288921,27281,996,61476,20,3.0511745461837,89.120127471146
48384,32024,1057,4967,1614,414,69,3219083,12460,988,39920,13,5.0343506316508,86.325478141419
48596,31199,1042,9110,3027,786,131,4831096,16424,985,37546,15,2.0756069173254,87.744076523384
48679,31093,1007,5282,1707,450,75,3362611,13099,995,30955,8,3.9909687069231,75.514915421101
48194,31074,1132,18988,6295,1470,245,5049011,34956,984,77087,11,22.283261158315,105.42712464854
48699,30877,978,4451,1469,336,56,2713634,24002,993,38995,11,3.1594316978855,45.809469471339
48840,30367,961,1561,498,126,21,1473110,4945,986,16865,9,1.2694912386569,28.588940595577
48828,30171,979,3201,1041,276,46,3038943,10616,987,25513,13,4.7115909611192,54.509878701757
48588,28785,1004,8848,2938,672,112,4264485,31478,988,38905,8,1.823279644503,41.364978378975
48966,28629,973,2748,900,234,39,4702597,11802,987,15415,15,4.2836140845302,45.380511021278
48651,28593,980,4558,1477,396,66,2716014,10706,991,29958,6,4.9094676307867,72.42225900705
48168,28499,1083,36979,12366,3087,515,8025623,61971,983,104323,29,1.5269507585389,121.98605647009
48932,28489,990,6712,2235,606,101,2987541,12610,994,25807,19,8.6440798420145,79.182857632558
48188,28469,1036,36830,12318,3000,499,7001043,38404,964,76027,16,4.0267699600556,74.291003096341
48803,28139,968,2400,780,258,43,2098782,13696,975,20614,10,2.5490093003622,49.963159001846
48428,27896,1084,14372,4776,1290,215,5908469,19873,987,46258,10,2.0826350494952,64.084891896394
48215,27847,1089,20653,6811,1698,283,4666848,39470,990,80974,16,4.3514299410077,74.891921524679
48238,27298,1033,24905,8326,2202,367,5696131,37277,981,66855,16,5.9925654300756,84.611960192581
48148,27141,1137,28660,9574,2364,394,5221757,50931,993,78390,23,7.7515201723536,115.207652797
48225,27069,1111,13333,4392,1191,198,4450790,33105,984,65802,12,0.69719530079181,54.474827773635
48790,26889,975,3092,1020,254,42,3992814,8150,980,20746,15,8.8398118425776,57.803748105491
48161,26689,1064,22903,7650,1958,326,6552091,34232,980,72386,14,2.0862425051827,63.40083508654
48735,26679,984,2246,711,201,34,2462528,7285,991,23239,8,1.8397236315015,38.341379238259
48683,26669,1002,3722,1218,360,60,2390150,9163,997,27192,12,2.4901211141483,65.750261437264
48146,26579,1112,40656,13596,3423,570,8263816,60350,979,97647,20,5.1309722334737,90.587478324457
48495,26549,1028,7316,2406,642,107,4797786,17205,979,34548,14,1.6432945374351,67.305740065931
48640,26346,980,2451,798,258,43,2782895,7402,989,24312,5,5.9312782528543,58.124320539713
48970,26145,978,1281,420,84,14,2021849,4699,996,12868,16,4.1130296354137,42.856674635925
48302,26079,1022,11972,3993,1087,181,6879295,12958,990,38896,14,2.1901363291658,84.097429984749
48893,26029,996,3391,1107,324,54,2095057,9898,994,24955,11,7.0881571865007,90.352404117093
48352,25494,1067,5195,1680,456,76,3934368,12979,993,34433,7,15.614380442981,85.346280997194
48288,25369,1077,26482,8853,2155,359,8257857,49276,977,71585,21,3.3732110567155,82.359599600713
48172,24969,992,24533,8196,2027,338,5924857,33938,974,74726,11,4.83452808708,118.48046269002
48794,24902,959,2597,844,222,37,1738882,7445,987,21926,9,3.6862432327346,70.468668333552
48341,24756,1003,13319,4437,1230,205,4602288,20741,982,46705,14,5.8416060137654,65.157755968575
48454,24591,1004,3125,1012,240,40,1945299,11695,998,32856,7,9.8023394261776,77.942937074333
48465,24276,1006,9505,3156,858,143,5035507,20391,978,37619,9,2.043386845256,60.964629140633
48281,24276,1068,14154,4718,1164,194,4479458,15833,983,54528,11,18.102440467063,96.292644398744
48277,24216,1038,7917,2591,720,120,6369795,11538,991,35460,14,24.970881374323,86.025313749785
48421,24207,1045,3697,1167,258,43,3612221,7572,989,26766,11,5.6451638310757,103.43609778203
48315,24092,1089,4762,1500,396,66,3195901,9723,989,38300,12,4.4912167794082,58.010343030048
48883,23945,958,2480,814,174,29,3167757,8580,993,16636,10,2.4727156304495,55.58204276239
48436,23889,1101,7578,2472,619,104,3920417,17924,998,49137,15,15.768500729277,116.57045930008
48586,23564,976,3576,1164,282,47,2894226,12258,988,26261,13,1.0787077605721,57.274595517983
48508,23527,1003,7913,2586,666,111,3862311,21930,973,40784,11,4.1030961468251,88.7132132529
48850,23453,985,2444,794,216,36,2610501,5271,992,19311,19,4.0863723254104,68.086451340954
48286,23379,1089,14581,4866,1191,199,5151613,16811,991,46891,10,4.8159858055673,100.82036223951
48997,23287,970,885,273,54,9,974612,1598,981,8910,11,6.3107993798265,40.985938519416
48830,23058,982,2154,698,252,42,2060747,6312,989,18223,8,4.4121615303948,44.142135645865
48289,23024,1050,8851,2902,810,135,4318385,13526,987,43638,23,20.718815306035,90.538689363045
48160,22879,1104,18563,6153,1513,252,5137512,41789,997,81693,12,2.4136099828962,73.973155132363
48908,22598,958,1447,473,144,24,1766699,4171,971,19550,6,1.7580445001236,57.035145287165
48369,22429,999,25450,8502,2254,375,4968439,26311,990,65231,17,4.1925210653672,61.72388285484
48362,22393,1102,4683,1520,408,68,2983766,12021,989,37732,8,3.7162307373386,55.959880682112
48256,22359,1128,23735,7911,1882,314,4496350,52142,993,90081,22,2.6632839484962,136.87394818665
48456,22321,1033,3169,1023,276,46,3089709,8065,985,31812,8,3.6004521172122,91.898902918836
48167,22203,1075,27240,9106,2304,384,7111479,34464,984,75240,21,0.85646661877441,82.642755507935
48319,22199,1052,15095,5037,1197,200,6307809,24849,985,47649,16,1.2768658929746,91.793586511829
48162,22058,986,8933,2922,798,133,3562553,24555,974,55661,12,7.6096125269872,63.727827131673
48268,21997,1034,25576,8551,2268,378,6774568,32655,945,69659,14,2.5503318450654,77.316927652448
48316,21799,1045,22351,7473,1985,330,5707369,33490,984,61452,10,2.5243817925586,135.85319378629
48192,21776,1105,25613,8550,2076,346,5917361,35977,980,69803,18,3.0284655898289,49.306259657087
48839,21520,967,3453,1131,360,60,3624625,8922,984,24443,12,17.704836499093,61.70184607255
48222,21471,1077,26687,8924,2220,370,4087900,53071,986,89973,14,10.58728844027,57.035376336718
48441,21460,1046,8591,2768,732,122,3304696,8918,995,29160,11,2.7691971052528,43.256880964794
48515,21289,1016,7372,2421,648,108,4295163,13425,966,37333,13,5.3497319053241,69.153770212944
48365,21285,1061,18365,6135,1662,277,4849846,41738,977,66595,9,0.43258727418084,164.91996152122
48170,21276,1068,21155,7070,1812,302,5889943,42968,985,72546,14,2.7740297384045,42.022482195638
48326,21239,1063,15193,5070,1311,218,4667156,22107,987,53666,12,4.1711156113502,69.420988256359
48555,21148,987,1782,567,175,29,2622998,8225,989,24194,12,2.3306050707981,38.899947470546
48752,21039,1018,3137,1020,277,47,4085592,9818,999,28017,16,3.1198881578016,59.226833510002
48742,20947,984,2438,793,234,39,2682342,5632,989,22107,12,2.03273760459,62.647079916305
48434,20779,1104,11050,3672,913,152,5074754,14083,1000,46609,13,3.3213916242025,74.028441192128
48479,20733,1063,10149,3347,798,133,3908689,15907,987,39855,13,0.69867334710776,67.818987989974
48987,20709,979,2452,807,262,43,2114658,6768,993,19188,14,1.9961485373726,78.254492488274
48266,20659,1078,16275,5421,1456,243,4842949,19317,984,65166,15,4.1745230943735,108.35731314524
48483,20579,1008,13870,4626,1260,210,7021563,19545,979,48766,12,5.3880521461485,50.655865133973
48214,20379,1102,27671,9258,2385,397,6630397,30193,980,75026,18,30.647857516136,110.94786986147
48400,20169,1079,23118,7734,1941,323,7334784,29418,995,51514,18,5.2745922291695,106.55681808105
48829,20096,947,1684,549,186,31,1162476,8560,974,21001,10,2.1195746864734,58.741303587938
48183,20064,984,26358,8809,2172,362,5974416,35075,950,73912,19,9.4034886048479,85.279705505713
48485,20021,1009,2058,657,162,27,2676274,4690,969,23469,12,1.902161980668,53.064226391848
48314,19889,990,9769,3222,834,139,4451602,10967,982,38669,17,1.6489873049628,34.70863301977
48556,19794,1029,6394,2079,546,91,3414299,13852,1000,34511,11,3.1478385572422,76.770535762961
48601,19746,1008,6156,1986,572,95,3132058,12628,982,36821,9,5.8213225106323,80.623246019244
48638,19614,1014,4558,1475,396,66,2934219,7669,992,26004,11,4.0048977728518,34.644047556158
48818,19430,978,3015,960,222,37,2168917,6515,984,21081,9,1.5387866109999,31.155743578891
48476,19286,999,11013,3670,966,161,4814517,15620,982,41652,14,2.8005783091359,38.880207089933
48149,19189,1067,15184,5058,1215,202,5280294,29303,971,57165,12,2.1278690173779,72.04184539689
48204,19133,1056,15276,5082,1236,206,4840524,18666,996,68779,19,5.6900555198742,109.28576973888
48363,18493,1017,13087,4350,1092,182,3625965,35559,992,56328,17,4.9810672912807,77.076548838041
48856,18274,961,1820,595,126,21,2485849,6087,984,14223,5,12.185162650549,54.830856433271
48223,18219,1027,17632,5877,1474,245,4432004,22616,975,58501,13,5.1248872088868,48.045884429086
48706,18199,1001,6736,2226,549,91,2865548,9984,994,31133,12,3.471108112617,110.94759499426
48460,18171,1008,5232,1684,390,65,3217159,11884,992,32472,5,9.8046465412398,83.762117332754
48357,18129,996,11096,3636,858,143,4097113,20639,929,46641,11,3.7313931058918,48.375515501641
48959,17634,984,3444,1131,294,49,4219010,10102,992,15264,14,8.1833970780252,60.560798382544
48570,17479,1016,9839,3261,864,144,4520104,17279,997,37051,15,2.8969158403099,85.456464936748
48292,17299,1068,10750,3450,860,143,3731850,20259,988,57735,13,2.5533856045071,96.312512357535
48995,17078,965,2471,816,216,36,1920674,14479,987,15325,13,7.8529618646132,56.09504670909
48185,16789,1064,20948,6942,1792,298,4256112,38252,990,65667,14,0.60762246133375,43.383449076143
49002,16719,969,1234,399,122,20,2402868,4984,980,10299,21,5.5282599741129,46.31318032477
48737,16699,1015,10863,3621,970,162,4283526,24242,987,34730,17,6.7342403733429,105.02697805672
48662,16648,972,2627,843,198,33,2027047,8728,984,24468,6,5.9404626277886,70.365911325383
48399,16329,1019,8279,2745,680,113,5325091,8523,984,27048,12,1.9721319098326,52.041870745635
48983,16280,981,2505,825,210,35,2219580,4835,988,13809,9,3.1835209585848,50.430218103314
48926,16208,955,2986,982,270,45,3447808,10344,983,16397,13,1.9570998584149,24.196779857471
48685,16042,961,2525,821,192,32,2871614,9215,974,27561,8,2.376345617982,57.220900676426
48857,15779,965,2637,867,213,35,2781268,8272,994,21752,11,3.4292509666208,59.968151820312
48353,15720,1088,19335,6447,1728,288,5687467,28974,983,59569,16,2.7088651065279,109.32579669935
48510,15551,1010,5653,1852,456,76,3924424,8631,974,30925,13,1.3338254654985,43.0331004978
48666,15536,976,2140,650,222,37,2199019,6429,979,19966,6,12.805043336309,46.514193314196
48239,15506,1085,20164,6701,1608,268,4392740,34663,988,78454,12,4.1029851173584,96.107272763049
48634,15398,995,4053,1299,348,58,2758947,5813,991,24105,13,6.2035061439619,75.664465113345
48502,15197,989,7034,2322,630,105,4014744,10896,984,31108,9,6.2407033897255,80.26422017938
48887,15183,968,2276,749,192,32,2026742,4334,989,19985,9,5.6802120308509,85.252756151227
48719,15169,975,5541,1818,502,84,3797081,7333,971,21236,16,2.3471910067659,64.090501631805
48825,15159,994,6820,2259,579,97,4118282,22370,996,29099,13,5.1016007776064,55.732507406478
48760,15097,967,2468,795,204,34,2447406,5194,988,22336,8,10.341943319131,60.644837944121
48258,14945,1009,31705,10596,2658,443,5678805,27949,970,69051,16,7.123748610171,35.724515632401
48873,14901,961,2196,690,174,29,2590107,2683,983,17309,11,1.928408080756,33.170860936628
48633,14826,986,1484,456,78,13,963702,3071,987,14964,4,8.3559313428004,25.709323856754
48658,14800,978,3710,1173,270,45,2445656,5276,989,26636,5,3.5296033529214,63.398468942954
48739,14773,1009,2226,702,187,31,1821475,9026,992,20444,5,14.806394429133,52.059662953415
48405,14631,1079,8577,2787,672,112,4744343,13828,990,35509,17,0.65875938608066,36.260159226104
48312,14626,1002,17851,5964,1578,263,3590900,18326,963,56846,13,4.2461384799338,110.93497162561
48381,14622,1046,6289,2052,528,88,3797839,14359,975,27799,7,1.5607928464809,37.351372282987
48336,14599,1023,8353,2760,685,114,3829933,20451,991,42963,18,0.92250850522569,62.17190540984
48387,14084,1025,2156,687,168,28,2103945,7991,972,25783,13,2.9802630378119,41.795657849835
48455,13989,1044,6823,2220,648,108,3301570,9289,987,29965,14,1.8190286364411,84.272541489313
48303,13903,1000,9732,3204,798,133,4243482,26773,987,44987,23,0.72583497030249,83.121953031564
48820,13793,965,1914,627,210,35,2012233,7248,979,18083,2,5.1421634299888,56.264959793014
48526,13779,1007,6378,2070,636,106,3580065,10421,994,32120,22,4.0476799671841,111.10163981142
48330,13754,1035,12424,4109,1062,177,3488137,20688,979,59597,14,1.3911066392564,57.950190038287
48285,13657,1069,11082,3663,954,159,6436649,20232,989,48852,18,4.9835194990732,65.949120595495
48804,13650,971,3850,1260,288,48,3271493,6872,987,18929,14,2.805406419337,33.246673294262
48492,13559,1044,17344,5799,1450,241,4918336,14737,988,41265,9,3.674537144026,110.61625168186
48182,13489,1033,22696,7584,1919,320,6136209,28938,997,62407,16,4.7315578458497,70.895794970078
48838,13042,1007,3347,1095,240,40,3555422,10902,985,19720,15,3.4520279747789,52.062818254063
48715,13025,978,2920,932,240,40,2438281,8048,977,18472,12,2.0786013447397,46.805311983167
48626,12891,984,3000,970,306,51,2730290,5854,974,20727,9,1.3969212267975,64.389825536706
48961,12813,966,1847,606,114,19,1564632,7788,977,13881,3,4.8487795057795,39.466087614482
48474,12787,1033,6261,2053,522,87,3956672,8731,985,31265,8,0.47517033811613,40.231980791163
48659,12784,997,3722,1200,366,61,3203549,5712,985,25851,9,3.3344651006845,50.794110447033
48472,12763,1008,4082,1325,330,55,2859330,11502,987,23378,4,4.6246876627047,67.104100590432
48283,12639,1034,13240,4380,1128,188,4784190,26649,983,54968,14,1.186137496643,72.062225963494
48486,12489,978,3165,987,361,60,2534859,6509,964,26739,15,1.1704639828402,52.837693462131
48843,12471,976,3056,995,306,51,2607239,10809,987,26338,7,1.4103140273343,38.866576784654
48671,12339,982,5095,1662,444,74,4228815,7831,994,24732,9,15.931179783197,85.112804407502
48674,12303,1010,2539,817,228,38,1644700,3495,994,24486,5,2.7766454785709,38.74481737981
48354,12287,1079,9620,3154,774,129,3937883,13044,995,50547,11,2.9642542546031,46.219356169138
48301,12269,1030,9151,2952,812,136,4223113,17286,990,53635,9,3.5363048231721,122.16454223525
48327,12179,1065,11626,3801,1007,168,4344661,17153,981,50737,18,2.520843407015,78.25708669347
48305,12173,993,4575,1458,432,72,2519884,11068,968,37800,10,2.1052251791412,39.967011513457
48607,12116,1017,4891,1570,422,70,3210467,15420,990,32153,14,3.0297218598763,66.62031573828
48575,11979,995,4133,1344,345,57,3069733,13671,990,23956,23,8.0274992055143,66.523597807454
48397,11948,1033,3781,1223,390,65,2209565,8640,984,30472,7,5.0325317268017,77.859940794794
48582,11848,1015,3577,1172,306,51,2652668,6244,996,22271,8,2.3637194787239,27.018944925212
48954,11831,974,1624,526,150,25,1762419,3351,995,10311,8,2.9197946286197,49.267997085784
48745,11687,975,2185,705,216,36,1795357,3388,983,17568,6,3.4673259785856,50.432138464826
48334,11629,1095,7101,2316,576,96,3252136,11565,998,44590,14,2.3127637917683,82.953904971086
48304,11565,955,4380,1410,440,73,2353977,8455,974,48500,10,2.7610211491385,69.364044002892
48442,11559,1053,7630,2520,621,103,3499285,10843,993,32791,12,1.1963991854168,52.725524850793
48383,11429,1003,2655,852,207,34,2755531,7715,985,28038,11,1.2645784784821,90.827920208787
48747,11419,1002,6008,1983,465,77,3530877,14847,994,24536,14,7.3708374773789,63.37550562446
48982,11374,972,1651,544,144,24,1687008,4269,993,14169,9,4.8243912110813,47.679002822998
48861,11149,980,3028,987,258,43,2891716,4572,992,20400,13,2.0743249320646,46.233382134407
48733,11080,952,2384,746,216,36,1923219,5131,993,24832,5,3.5824889276961,65.977589418797
48360,11049,1058,16704,5583,1287,214,5496617,10572,1013,35956,11,3.7246794935053,80.687694332542
48347,10998,1015,21087,7039,1740,290,4046586,24735,985,54478,12,3.0406349540338,103.050854591
48617,10941,1003,4693,1533,360,60,3354338,14090,979,23152,11,8.4660084640787,73.911500501068
48853,10928,978,3929,1296,360,60,2911885,12935,990,24396,10,2.8959700155306,62.482975579404
48408,10881,1010,5458,1785,432,72,2796242,6980,993,26180,11,1.133456411135,43.390806785235
48418,10869,1018,6195,2034,552,92,3882949,9166,982,29305,14,4.835411571235,95.097835723795
48410,10759,1040,6976,2265,607,102,3649256,12839,982,31740,9,4.4710869847954,92.3152154473
48980,10604,972,1050,327,78,13,1386679,1818,991,9110,5,5.6024092200992,50.444571780865
48647,10604,965,2415,756,186,31,2388796,4026,988,20235,8,3.5370623356348,51.752145308789
48609,10602,1001,9590,3190,756,126,3864059,13738,991,27233,11,4.4835005727622,73.269826740485
48322,10579,1002,9091,2982,745,124,3831964,12767,978,42755,13,1.9912271028693,98.902737074588
48423,10572,1022,2580,839,246,41,2382097,4852,987,23120,5,0.87358438922222,51.310550590005
48816,10443,996,4675,1527,384,64,3222478,11125,980,20923,13,2.0041240129371,72.295324717432
48896,10339,972,4163,1383,360,60,2326031,8205,985,19722,13,2.6364705286374,56.374084259699
48542,10318,1039,4550,1472,354,59,2768638,10196,996,27803,14,2.3668572962545,70.81577660311
48551,10299,1029,5297,1722,415,69,2540159,6328,989,23528,12,4.7110031562315,67.611719374003
48939,10245,977,708,225,54,9,941523,1593,981,7227,7,1.9300211388464,35.238916074586
48914,10193,963,2304,753,168,28,2861079,5345,979,16927,10,2.0940807360685,55.977476143802
48902,10142,996,4315,1428,360,60,2107975,15995,990,35177,4,6.1782339914336,85.22798469105
48871,10074,982,2258,729,186,31,1649280,7066,1000,18409,10,2.0445172489265,65.103133020757
48503,9979,1001,11633,3864,910,152,4925412,10254,985,35277,15,1.8494246147092,73.450365676984
48693,9934,984,2643,861,222,37,2686704,4106,986,18524,12,0.85472919245925,47.357687652543
48648,9800,965,1842,558,150,25,1162832,3345,992,18102,3,106.05165916233,52.186381489642
48432,9799,987,4221,1365,440,73,3458540,6833,987,25683,9,33.343386043298,62.958325623779
48531,9733,995,7700,2563,645,107,4424514,9970,988,24862,13,2.3761433832437,80.086286896975
48945,9670,981,2589,854,270,45,3550643,8167,1010,12752,8,3.4821971787052,28.833841408928
48522,9578,1002,8065,2664,750,125,2978170,11595,985,39852,14,6.8936973231021,83.715597393517
48700,9547,983,2542,830,252,42,2642396,5886,984,22353,5,1.7412316765029,72.82793700486
48509,9531,984,4921,1611,493,82,2579872,7534,975,21182,11,8.9048142510779,47.598792719986
48773,9488,998,5259,1718,480,80,3455633,18906,998,28746,11,2.2368471702529,85.080685174381
48795,9486,973,2726,893,252,42,2134301,4828,986,18213,11,17.400836525712,45.567702532172
48608,9450,1023,9974,3305,822,137,3981631,10901,987,40085,15,4.3511704989741,125.61610743465
48972,9413,965,2138,693,186,31,1946631,4123,988,15710,14,52.520138272325,62.587346950964
49019,9289,983,1500,495,163,27,1841478,6739,991,10140,26,1.9662716081691,42.655428120579
48910,9277,975,2498,810,138,23,2720712,8416,985,19134,8,22.522612583165,65.833150376833
48673,9269,990,3895,1275,354,59,2100024,7855,987,28029,9,2.5578422930064,77.882126202138
48754,9248,984,6160,2027,486,81,3757715,10106,990,22293,10,3.7797101520437,83.574839581682
48806,9189,960,4006,1317,338,57,2499352,4514,994,17798,7,1.938058791113,59.914241657753
48953,9144,980,1928,633,168,28,3182754,6248,990,14501,15,3.4390442742036,40.958013988077
48681,9142,980,6151,2013,492,82,3665641,15324,997,26887,15,2.004903645782,75.701375347127
49007,8979,989,1937,639,116,19,2749086,8081,990,16278,28,4.7361272506946,53.241153987511
48784,8934,976,3579,1168,294,49,3052036,6567,994,16964,4,8.0316027871351,55.645891500311
48331,8849,1046,11595,3651,885,148,4037875,15383,981,43274,11,10.697363690534,55.4673881019
48781,8807,980,2748,844,228,38,1965607,10274,994,24600,13,2.4406169037266,55.761735072596
48991,8789,967,2860,939,225,38,1293587,13704,987,13312,14,22.970180881664,34.271458485653
48255,8699,986,9830,3165,806,135,3207523,14656,926,51969,6,4.8045976753493,64.951548809703
48466,8673,1036,8368,2742,720,120,3741378,10788,987,30005,17,3.4967718596779,74.862985351482
48453,8569,989,3549,1158,300,50,2364397,5752,994,20139,8,3.9737665127456,35.015145519356
48672,8492,982,4401,1435,384,64,2956384,11579,985,23367,3,1.6963391317579,77.394392181941
48882,8409,973,4459,1467,368,61,2950540,9992,991,26574,12,1.673841717778,73.331805086516
48320,8279,978,10475,3342,815,136,4113612,9535,955,39367,11,1.2187665799474,53.84172375673
48741,8222,992,3257,1073,258,43,2253546,14114,996,23107,12,7.3478865303872,42.563890099135
48412,8207,1018,6271,2042,462,77,2928592,9133,997,38280,14,5.279596228772,64.66217987631
48573,8189,997,6026,1977,494,81,4878418,8603,991,21903,13,2.0458157029277,79.163352449495
48452,8180,1022,1393,441,144,24,1329407,4546,1017,18800,15,2.2018863484666,46.796896942559
48478,8143,969,2426,783,222,37,3111329,6233,983,17443,5,1.3006563924171,40.495742961801
48836,8047,974,2632,846,180,30,2319347,9165,990,18700,8,1.3609997903532,57.585694891628
48406,8029,1091,8562,2829,668,111,5710451,11648,1005,35421,10,2.6706423815075,70.643796653482
48346,7959,1014,8251,2703,762,127,3933908,12135,985,42159,10,3.3357562001636,93.356324076116
48860,7899,979,4631,1533,403,67,2447222,9111,989,22139,8,1.5206197369597,61.244778391178
48852,7899,980,2513,816,240,40,2963103,4214,981,15519,13,2.1225150136267,50.833137281907
48567,7888,1005,6826,2244,667,111,3771343,9864,985,23542,5,4.2605534312218,61.401865565202
48965,7806,974,2957,972,216,36,2572089,11102,991,13362,5,1.1463406081705,52.270632888143
48641,7779,1014,4776,1548,378,63,3586353,10865,992,27566,8,2.283159759421,68.034752940413
48605,7649,992,2531,822,208,35,1936076,3972,982,23386,12,1.4084209356331,57.204983926999
48996,7593,963,3688,1222,306,51,2549463,15860,986,16875,14,9.5399086057476,52.397476797915
48562,7439,1014,6510,2145,559,93,3271279,15696,986,28027,9,4.9103193871632,121.49403961674
48344,7420,993,14088,4712,1176,196,5358484,14689,960,46172,13,3.7390368044593,73.152318523418
48968,7398,966,1260,411,96,16,1720229,2203,979,9938,9,3.2631701134787,41.147246718004
48616,7371,1017,9106,3028,692,115,4036349,13749,981,27198,13,126.54113188771,69.504296118326
48677,7317,988,7130,2348,603,100,3252100,10983,994,27055,9,5.2982002284062,81.008589671604
48767,7279,1013,7028,2316,526,87,3443635,8954,992,29387,8,2.9520467421774,81.068994347375
48713,7279,983,5834,1890,540,90,3558489,7939,981,25136,14,4.5605084172629,70.526166637639
48413,7258,1035,2804,900,258,43,2046094,7422,987,27114,9,0.66671335903696,40.21393514823
48193,7139,1042,17523,5793,1423,237,4064794,25230,984,57823,15,8.2882613115719,96.768253585148
48697,7030,969,2790,890,210,35,2020875,7003,988,21617,7,5.9076150717184,78.07964282986
48287,6994,1033,6813,2214,606,101,3252877,12260,987,30096,14,4.5299322048487,54.729354918329
48891,6968,983,4509,1488,372,62,2462984,8819,986,20995,11,1.5346728243459,53.758947585672
48904,6966,990,2432,793,258,43,2304916,5890,992,17724,9,2.4371699828802,68.036710480101
48169,6929,995,13699,4494,1092,182,5046756,16949,995,50794,9,2.3835346663271,85.90932416456
48521,6899,984,4125,1338,322,53,4641455,9007,992,24173,15,2.932972294698,53.389814979831
48702,6895,1010,7340,2442,648,108,3582111,5368,987,19918,8,2.2918272038038,62.086751290114
48544,6879,994,8038,2661,667,111,3379879,10091,988,33640,13,4.0686360443974,83.410071079597
48457,6860,1031,9334,3055,828,138,3271981,11943,990,36043,11,2.0251081546774,101.23587100426
48753,6832,970,2030,664,180,30,2217186,3155,993,19103,10,11.24286348353,59.44238217179
48906,6788,988,1853,605,108,18,1476387,5930,995,15336,17,10.457830422814,32.348918271647
48348,6777,1031,9843,3191,816,136,4199942,7551,991,33128,8,4.1817989926692,86.249675897354
48890,6763,958,1799,587,138,23,2207728,3945,984,13856,6,3.1582726237645,27.971527871404
48393,6759,1002,2386,771,188,32,2771071,10373,986,23842,12,2.102069449853,53.046389811594
48892,6738,992,5127,1700,402,67,4111384,8264,989,20581,14,11.411539835094,70.839759648747
48425,6665,1017,4117,1334,325,54,3510778,6554,986,19408,11,6.4427602433574,65.63721394547
48548,6619,1028,7323,2367,590,98,2832589,10826,997,32493,8,5.0359159901634,140.87793658123
48580,6601,1077,2453,771,222,37,3625781,10323,993,23165,6,3.6450877694723,78.380817044521
48936,6599,988,2820,921,222,37,3054734,7880,995,17080,14,15.904976947417,46.922964605873
48653,6539,987,4301,1404,361,60,2133357,11300,986,29161,13,11.658461287315,111.68861682936
48862,6499,976,3153,1029,259,43,2356473,10058,992,18804,8,9.6096951061712,57.837418011683
48814,6489,995,16808,5619,1321,220,3635773,55464,992,43826,10,1.9319980333127,155.79187751308
48897,6476,972,4560,1496,402,67,2513378,12209,986,19409,10,14.715300681529,49.608739020351
48187,6476,977,7024,2139,450,75,2395361,17193,987,49750,13,2.0269914222263,54.315427157477
48481,6465,1044,2886,914,246,41,2758151,5068,994,21734,6,2.161112035976,77.146572863439
48489,6413,1032,4579,1428,462,77,2045476,10204,989,38797,7,1.9484437699853,61.939769090599
48435,6386,983,5678,1842,450,75,3736323,5742,990,19935,10,1.0670880275512,68.482019213594
48989,6346,958,1029,313,96,16,1526825,3553,985,7696,8,2.430945542116,23.899345999803
48514,6334,985,8885,2921,738,123,3649368,11740,980,36623,9,1.348466654426,61.14250261043
48811,6289,981,2585,849,193,32,3407411,4867,983,13185,8,1.9137658735473,60.219054210996
48458,6212,1017,4141,1336,318,53,2832913,6356,994,26727,4,8.3847316670543,31.865631227686
48390,6184,1012,7010,2286,630,105,3589541,9745,980,30709,9,2.1029491131861,51.525617791178
48429,6092,967,2821,899,210,35,2156873,9064,992,21879,5,3.2190474099866,56.151373773028
48999,6081,965,1809,597,132,22,1511678,6314,994,9477,13,1.8097803411087,60.666307500043
48473,6053,1025,2451,801,186,31,2849751,6250,993,24426,8,2.7708754475203,40.576336508392
48525,6012,994,2759,868,186,31,2588508,6322,981,21212,7,6.989117106372,36.36688489248
48488,5943,1019,7269,2366,564,94,4172752,10025,987,32031,8,5.237494939695,53.278308914088
48386,5900,1051,9170,2970,769,128,2568426,11874,980,37903,16,6.3107150330276,54.150914665185
48484,5879,1009,3701,1200,302,50,3333883,5379,989,23761,12,1.7942845159211,62.299409077887
48824,5849,968,4604,1497,396,66,2489094,8635,992,26399,11,3.2872818579282,89.823209202204
48678,5777,997,5216,1680,410,68,3235770,8198,991,18494,5,4.0445829516032,58.525827173693
48842,5742,984,1467,468,108,18,2266692,5230,999,18324,9,3.8892851628236,63.767533094856
48382,5734,998,5025,1624,426,71,3193964,8260,968,24857,5,3.5858836500647,84.315855313547
49040,5669,963,822,267,65,11,930417,1574,987,7510,14,2.2464345402035,46.12426659677
49033,5637,981,1054,348,96,16,1242220,1689,993,7368,22,4.794146176845,42.778377670274
48639,5596,989,5021,1581,396,66,1747796,8656,996,26268,9,4.8726147245355,61.706711997046
48791,5469,957,6603,2178,553,92,3191474,12803,983,23475,13,4.6791191157107,71.489714175765
48558,5431,994,4919,1591,386,64,3552791,11478,986,30204,7,7.347725189894,82.093798544796
48309,5389,953,9197,3039,785,130,2973911,6337,975,28232,10,1.8196482603925,50.850267055628
48851,5339,998,3474,1143,306,51,2417191,4203,1003,17675,11,7.8709673848657,82.800948612184
48611,5324,1006,10172,3379,800,133,4856124,12430,989,27867,15,4.102381510417,60.100098744086
49020,5321,973,1461,480,150,25,1389126,5685,995,10019,11,8.8622674366168,53.49407216509
48788,5319,973,2133,678,195,33,1677504,4767,985,17580,9,1.6337202977841,55.086540395343
48855,5299,982,4207,1380,341,57,2541634,4571,995,24922,13,16.710521553011,65.953099070634
48338,5287,983,9527,3110,834,139,3211946,9836,978,40785,12,27.072799827135,85.423844545429
48924,5271,968,2794,915,204,34,2448028,3501,989,20685,10,3.1424002611515,66.069331147433
48398,5269,1086,3965,1224,356,59,1855730,5212,1008,23221,12,1.1521732146848,51.235123250688
48355,5260,1078,8055,2577,612,102,3135317,11255,988,34415,12,1.0566707954793,48.214446932797
49044,5251,970,909,299,84,14,891489,3896,981,4816,31,4.2760508327551,34.772723310131
48366,5187,1041,8610,2730,648,108,3731920,15302,993,38753,7,9.1712228277755,27.990754433841
48585,5176,984,5573,1827,462,77,3508354,8091,972,21331,16,6.0624268420688,39.401471584882
49012,5140,961,1593,519,186,31,1713923,7183,986,11363,14,5.0293014979394,51.601293432836
48922,5133,967,2974,983,258,43,1756181,4800,991,13121,6,1.8636668864867,57.461383846558
48409,5099,1003,6417,2103,549,91,3749990,9361,984,28359,12,5.9217132469777,83.058480799012
48952,5079,994,2421,795,247,42,2635860,7842,993,11800,14,2.6673914161361,60.957632305849
48504,4999,962,3030,963,324,53,2297690,5173,960,22700,5,3.411068832965,58.680695835974
48880,4987,986,1949,633,186,31,2275221,3615,991,15950,5,2.896421421866,63.988887394396
48519,4981,1000,2322,738,216,36,2080937,4004,983,18996,7,2.7348933565823,36.262301017697
48631,4980,992,4017,1305,354,59,2571350,11408,986,20907,6,15.233141650998,72.401122810199
48869,4923,970,3135,994,234,39,1906388,10667,990,17640,6,5.6359206523484,83.584067898354
48437,4851,1016,5361,1703,426,71,3687329,7542,981,23826,5,8.2068783122401,36.639965419951
48813,4850,983,1550,506,114,19,2102486,3746,995,15492,8,1.0913775341605,15.389014540346
48744,4793,985,3246,1059,284,47,3121323,3534,984,19605,11,2.9339866887539,64.316473015832
49004,4789,970,1270,411,108,18,1639938,5823,996,9352,12,1.9849301573606,51.76328843717
48324,4753,1038,9461,3090,846,141,4529570,14495,990,39991,9,1.2075029263637,71.700613545289
49025,4732,976,2151,716,216,36,1088395,9122,985,13394,22,2.6734787407593,56.029315819064
48978,4729,977,6576,2190,480,81,1396501,46833,992,19017,9,4.4872943321196,37.806179905274
48364,4729,1034,4153,1353,396,66,3537689,9574,978,29810,7,3.4092179744256,116.72822821641
48549,4716,1020,5645,1844,444,74,2912386,5533,994,28365,13,2.2437571024912,46.8888281581
48627,4699,967,6959,2274,558,93,2929478,6504,974,28467,12,2.8454003307355,33.9823592622
48587,4689,1005,7957,2565,715,119,4329183,12556,978,32842,12,2.0789037524029,77.720305224706
48541,4649,1033,9943,3294,810,135,4005117,7823,988,30239,8,3.5713529184267,78.707077830864
48709,4584,1008,4486,1449,414,69,3012320,11296,992,18016,13,2.885110446357,57.276510985448
48865,4544,958,1690,543,132,22,1801962,5359,979,13187,3,2.7679243765606,47.838009295401
48592,4498,1008,4889,1557,415,69,3058088,6301,995,25892,12,3.5965109501023,83.589845304592
49015,4399,973,1271,417,117,20,1352632,3348,986,10544,17,3.6264142860518,60.546373564002
48704,4289,984,6537,2160,546,91,2856566,8830,991,25654,9,5.0753394206077,108.31274343015
48889,4279,978,5162,1695,360,60,3649615,12403,995,18012,10,1.6708156316403,54.824239730169
48282,4239,1023,3827,1185,318,53,3683966,7743,986,31715,10,3.3676473892563,52.475237332365
48577,4237,1009,2878,910,264,44,1944741,5705,986,20282,5,3.1784988558591,59.874142029918
48597,4197,1017,8768,2912,714,119,3183368,8101,988,25040,7,0.49266614282676,41.511917224673
48717,4192,973,1934,609,192,32,1767763,3362,990,20453,7,2.0309949248493,51.285406681185
48536,4139,1041,10195,3393,861,144,3789185,5984,999,27987,11,4.3653135597391,71.961897227014
48868,4046,995,2806,901,246,41,2779920,4773,992,19396,9,2.6635283380226,72.004220261026
48703,4037,951,1296,411,108,18,1680479,2172,988,12183,7,6.7002384189995,43.231482747766
48964,3961,964,2072,673,216,36,2132992,7509,981,12039,9,4.2507794251325,54.774379338721
48448,3941,992,11668,3885,930,155,4023341,6825,994,28287,21,3.0563001370882,48.871808590558
48426,3889,1017,3294,1059,305,51,2297898,4824,981,27853,9,0.7634024693411,58.677369928033
49041,3885,963,900,296,102,17,1197870,3163,973,6221,24,3.5178514416188,41.646407625949
48817,3867,990,2114,683,186,31,1573241,4452,992,17722,5,7.4353315434207,54.916597216046
48373,3851,1018,7672,2473,696,116,3634866,10092,974,29216,2,6.334781557182,70.065267824136
48990,3849,964,2181,708,236,39,2217871,6012,993,10625,17,20.270053653785,68.477787832653
48800,3790,954,2412,765,192,32,2574456,4818,986,14225,8,4.5276871701526,56.094330175478
48919,3767,979,2528,826,192,32,2507507,7902,994,16380,13,4.5499008603182,40.91390196304
48414,3760,1002,6187,1974,547,91,3823004,8548,980,26486,9,0.4842755586889,42.256225159847
48901,3740,966,2275,738,156,26,2152317,4567,984,12487,3,5.6633850480156,45.032865852909
48657,3736,971,3169,1021,294,49,2087742,9416,985,24496,2,9.8237640406661,33.393448748921
48389,3710,995,7291,2355,564,94,3067472,10923,983,32088,8,2.9709554571974,76.452334336853
48505,3689,980,5928,1938,477,79,3315417,3759,975,24997,11,2.7498802696356,68.395977991325
48676,3679,1012,2915,894,244,41,2327044,6274,1006,19325,8,5.6428670787577,63.004992115212
48618,3664,1002,4205,1380,498,83,2576037,7114,998,23995,7,0.25652667841858,17.675312559572
48620,3659,997,4553,1455,355,59,1936510,5181,980,22610,5,7.3421746954384,93.331911371327
48885,3630,976,3720,1224,366,61,2408317,6289,984,17341,13,3.2490793683019,44.689357974746
48888,3587,962,3125,1015,270,45,2436359,6433,980,16784,11,8.3491736552336,60.362507627558
48962,3579,972,1813,585,200,33,2534825,3583,991,12489,14,1.5821731705912,29.164326317932
48863,3563,990,3461,1104,300,50,2521084,6815,990,18807,8,2.003470394538,52.621620188383
48554,3559,985,6685,2181,574,95,2931196,8043,991,28434,6,2.0003929844471,100.21224358736
48561,3429,1012,9081,3027,858,143,5042118,8581,984,19719,16,5.7284713446095,36.073422974281
48614,3428,974,4107,1332,336,56,2738977,6241,985,21966,3,8.871164791748,58.455298179899
48941,3399,984,1309,429,126,21,1093242,2997,988,9567,5,6.6592241930631,38.234279905671
48712,3374,1009,2463,744,207,34,1632227,3274,999,19672,5,1.5508837512779,58.011720109987
48975,3367,975,3762,1243,294,49,1883090,13056,988,14051,9,3.6061188538333,51.558020360148
48778,3367,970,4154,1362,384,64,1896796,9179,986,18295,7,7.5514977887485,60.495403329123
48533,3359,1015,9236,3072,762,127,3010345,6701,991,23288,10,7.1263370554448,78.391534191944
48516,3349,976,3477,1122,288,48,3061005,6988,990,18339,9,2.2555332510568,41.812961624171
48761,3346,988,3054,970,252,42,2632485,7487,996,17984,7,14.193983977984,62.939200837527
48832,3296,965,2935,900,234,39,1818131,6083,983,18323,4,6.8317523774377,56.716426360219
48637,3285,1004,4026,1274,330,55,2562374,5852,986,19599,5,6.2296045181249,57.573700635045
48447,3279,1033,6672,2103,651,108,2771411,10553,997,31555,10,1.8502715487901,51.523397429043
48496,3276,974,2555,787,216,36,1862147,5938,987,21913,5,5.8851671923774,71.346407929006
48411,3268,1041,4076,1206,360,60,1460994,7365,988,30409,17,2.8873767964347,49.298747042326
48708,3256,978,3812,1229,264,44,1413620,12057,984,27366,8,8.9064774255718,96.473059078979
48917,3247,969,2385,771,210,35,2451148,5152,982,13496,11,4.1150538135208,30.803726459622
48645,3238,963,3669,1188,228,38,2595048,6026,990,22038,8,2.1491277933924,55.131489685751
48802,3189,953,2162,699,223,37,2036085,3105,983,16227,9,3.1546890040196,51.993797015597
48606,3189,974,3580,1155,294,49,2507439,6170,984,21597,10,3.1783620702723,68.390523547733
48900,3173,967,4081,1341,330,55,2758260,14255,985,13080,8,4.5463714159437,76.920950544937
48993,3167,979,1059,342,96,16,1391340,2741,993,8162,8,2.8366537960727,47.002731592293
48879,3163,981,6137,2039,516,86,2913529,8240,989,19969,14,1.6092006384758,34.698653349463
48844,3163,962,1538,489,138,23,1688340,3324,977,14025,3,5.3600707962051,56.6005037386
48652,3107,986,5674,1836,438,73,2997379,14889,992,24699,10,4.0634027478074,58.386207923714
49023,3100,964,1241,409,84,14,1221115,5275,989,8251,20,1.6299421243502,52.013660969104
48848,3091,979,3532,1159,300,50,2057420,5065,995,20091,9,16.175865224599,48.597337897285
48898,3065,965,1565,511,150,25,2504734,3411,988,14414,6,56.991521941912,39.410894201688
48808,3048,969,2620,853,210,35,2444371,5719,987,16668,6,22.176491047926,71.934428159763
48463,3044,992,2520,793,192,32,2464039,4200,986,23803,6,8.5503872362828,53.471667014303
48776,3042,971,2697,869,246,41,2568117,4432,987,15567,10,5.5745113062147,73.839063365223
48734,3042,967,4199,1316,312,52,2431350,6114,980,17768,5,4.1135384999284,61.393042677697
48944,3037,956,973,297,48,8,1310308,939,974,8150,7,24.315286163899,69.955723703336
48552,3037,1009,7539,2502,614,102,2920727,6771,991,18268,9,4.1097945969944,38.23669177181
48925,3034,974,2180,696,180,30,2207652,4930,989,16826,5,6.5110535852512,34.261188116835
48490,3025,1003,3464,1098,264,44,3404149,3818,979,18189,9,3.3774003799741,58.013217649768
48675,3013,987,3410,1063,284,47,2397354,5162,996,18406,5,1.2905574208642,56.555294427722
48837,2996,969,3516,1161,300,50,2941299,8000,991,16838,11,6.6366024526554,29.571032111997
48950,2959,964,2329,756,150,25,1761503,6641,987,13863,6,8.4177754997523,60.778143844439
48870,2899,968,1529,492,141,23,1744255,3501,985,12454,7,2.6202143187092,23.234486954318
48831,2896,968,1799,561,120,20,1424123,4351,988,15418,6,20.252137681896,46.635462115159
48528,2894,971,2786,902,234,39,1944914,5042,995,19792,9,4.994219338202,84.750452964692
48777,2889,985,2793,900,223,37,2368111,4446,997,14528,13,2.8884064244111,17.896755313585
48916,2868,967,5685,1887,456,76,3490123,8666,982,19381,4,2.4392169206805,80.592561815623
48912,2863,974,1982,642,180,30,1529159,7197,986,15280,2,3.4484431386521,27.574355761374
48374,2859,1002,7647,2478,643,108,2819660,7969,980,26840,6,5.0303533354104,79.851132285241
48462,2848,943,3335,1084,308,51,3282110,4272,975,18007,5,3.9716572498385,45.162469434489
48686,2836,986,4962,1616,400,66,3133280,5311,987,16330,10,3.3662520136768,60.886176596338
48527,2796,989,4062,1256,408,68,2781379,4340,994,21681,9,4.279634786377,74.004003342013
48487,2756,1033,3213,996,246,41,2562089,7234,989,21276,9,25.269307389865,43.549021358785
48723,2754,985,3035,960,264,44,1992323,8385,990,17282,7,5.4435219441498,56.347055814281
48343,2752,981,6308,2058,529,88,3243284,6490,982,26738,12,25.263564067842,40.149649816947
48845,2749,981,7301,2427,648,108,3465645,8121,1000,21461,5,3.1043959344486,56.395106097439
48569,2746,1003,5157,1667,438,73,2824985,6656,981,22746,9,2.0060746912837,82.577643110032
48765,2745,977,1419,441,96,16,1327461,2376,997,15571,4,3.2543701957095,25.073384480628
48491,2739,974,8365,2757,651,108,4183544,6263,989,24546,12,4.4367698522123,83.140340744269
48864,2727,986,2943,908,258,43,1461664,6855,1000,17624,4,4.7274848712308,47.315511521661
48388,2719,1020,4354,1341,312,52,1423979,8530,990,32412,8,2.2430779390965,93.093963880292
48422,2711,1028,4037,1285,276,46,3335049,8546,992,26426,12,0.9066981440037,39.884363271463
49058,2694,978,907,302,66,11,913561,2904,989,7423,45,2.9597393469962,50.074209145332
48815,2694,967,2180,707,192,32,1468399,4148,985,18912,3,8.2916748838207,86.194714278461
48771,2669,981,3639,1185,303,51,1907948,14413,995,19027,6,6.1384226687174,34.601381387794
48731,2667,975,2433,785,198,33,1826350,3136,986,16621,5,1.3343777595883,39.262033412712
49008,2664,967,2617,871,198,33,922619,13103,988,6284,7,15.776368759157,35.113991331745
48886,2653,950,2210,723,162,27,1678185,2878,987,15105,4,4.0527758613121,63.547058567469
48714,2649,955,3614,1140,355,60,3131442,6524,980,19514,9,5.6613298642723,70.065940958612
49036,2643,957,1560,512,108,18,1089584,5250,976,7006,17,7.017110519931,41.935070205486
48994,2629,967,3094,1026,228,38,2244844,8954,993,10333,13,4.4931140598568,72.379453535647
48517,2616,970,6101,1952,468,78,2453515,7400,996,25691,5,4.5960667475403,89.096791494658
48604,2607,983,2929,929,200,33,1419507,4845,990,23774,4,7.0723804106153,82.511812014462
48948,2602,952,2107,688,186,31,1776946,4392,979,17237,6,1.8009438347432,34.011342981238
48513,2599,973,4633,1440,357,60,3102081,8641,976,27297,5,1.6830107729198,39.417936118067
48797,2569,982,2573,831,252,42,1670420,3713,984,17940,5,10.751919507787,58.898645338372
48680,2560,975,1953,613,150,25,1973842,3555,986,14450,7,4.3181091966568,44.303465517235
48430,2559,966,2884,933,316,52,2337467,4238,989,17576,4,4.6209059426491,55.802018484713
48827,2550,1003,2690,888,258,43,2115937,5053,1000,19757,9,7.8113670916467,67.715624113398
48751,2544,993,3706,1191,325,54,2529561,8673,989,18534,8,12.974000304982,50.821742739971
48878,2542,966,1228,397,96,16,1364391,2116,984,10875,3,3.9044603380988,65.644186315723
48710,2539,963,4856,1581,397,65,2901454,7513,982,20739,8,3.0913016570061,34.511765628601
48668,2537,981,3426,1059,312,52,1901436,6492,991,22642,6,4.3687650923808,87.066832524354
48630,2536,980,5248,1674,445,74,2451352,10099,991,28074,8,3.095557821415,82.345374651143
48841,2529,978,7006,2340,561,93,3984105,6250,993,15456,11,1.8906910930317,58.954656656193
48493,2523,990,4693,1536,390,65,3627047,6322,989,27030,8,8.2494843844158,74.076543378372
48762,2489,953,3215,993,188,32,2397326,5476,984,21858,8,6.8330330556852,26.581055918389
48724,2479,1001,3616,1167,289,48,3082244,6426,993,21871,9,3.2563439238348,61.707950072099
48799,2465,950,1714,540,120,20,1691811,4227,984,11779,8,3.946210949624,65.533922557837
48859,2432,976,1977,627,150,25,1650137,4909,993,14905,5,6.249455567788,51.40747571993
48646,2424,972,3468,1059,294,49,2554394,6116,990,22633,8,2.5015169315251,54.485614860028
48591,2399,991,3940,1218,332,55,2222396,8588,990,24153,7,9.7274007576237,55.554330893946
48876,2393,956,4592,1508,390,65,2963923,7223,986,15049,8,1.2436847495911,27.830625320598
48537,2375,966,1777,549,102,17,1975520,3619,997,15218,8,2.2297883318579,49.275721378474
48656,2361,985,5125,1690,486,81,2942893,10352,980,23695,7,2.2090239038765,115.26871479321
48687,2348,982,3566,1131,300,50,2637968,5885,988,21043,12,2.6951288463757,62.511968916896
48475,2344,976,3306,1051,297,49,2121740,3814,980,25468,6,12.90968785582,44.086313168848
48903,2332,960,2728,880,240,40,1380701,8608,993,20537,5,8.8592176869184,32.504016288435
49039,2322,973,1078,355,84,14,1009235,3267,983,8955,23,2.0639890625333,54.668911048201
48665,2311,978,2574,741,222,37,1795953,3181,989,15145,12,7.2366866243881,49.156128592828
48682,2299,979,6877,2280,588,98,3040415,5994,986,17807,9,14.843764611679,62.24529907176
48557,2263,992,6836,2205,570,95,2769334,5648,992,23195,11,1.8142978359299,58.473949451583
49045,2256,969,595,198,60,10,869080,1456,977,5306,23,1.6333194941035,42.30283504425
48417,2249,1036,3754,1128,305,51,2094347,4962,998,23085,8,1.8236775789086,16.174370816482
48560,2242,1012,2031,619,186,31,2010513,3879,996,15678,12,1.3257024608905,66.846624385481
48325,2233,1008,3954,1242,270,45,1611174,6037,990,26410,6,9.9369272410906,69.549507252947
48807,2182,969,1981,632,150,25,1629868,5304,990,16244,4,1.4679307726262,35.490417519607
48468,2179,987,3432,1047,241,40,2367403,6307,978,22190,6,5.9703129370192,53.054147002049
48849,2164,977,4481,1443,354,59,2180040,8733,994,23690,6,0.493872167267,32.901599037618
48540,2159,960,2082,654,234,39,1332274,2879,993,16202,5,2.9286149313057,54.388246983112
48711,2145,956,2823,788,174,29,1372046,4884,981,19569,4,4.9004324228046,49.996485163764
48787,2139,961,1688,549,176,29,1965296,3669,990,12643,6,1.3931981373137,57.971821886305
49014,2119,961,1330,438,136,23,1281668,4075,985,11166,9,4.9878233926909,14.95768796484
48789,2109,967,2577,825,202,34,2069778,4614,988,14120,10,4.1585631056545,43.046598527087
48619,2108,935,1541,493,114,19,2519509,2896,969,11653,4,10.224072033809,64.76067099705
48976,2096,961,1450,476,132,22,2616625,2848,986,7620,8,5.0038292699167,45.871794126456
48420,2078,1021,3177,950,270,45,1519617,4377,992,24573,4,4.0016960682094,74.825966406717
48464,2031,1024,3843,1226,318,53,2458417,4771,994,18666,5,3.6415119500746,43.297732198693
48494,2019,977,3975,1233,307,51,2076400,6423,987,27129,10,1.6650010118917,35.937097273611
48654,2006,968,2857,821,222,37,1629182,4459,989,21953,5,5.7677406007308,19.046662271817
48956,1996,966,1279,412,120,20,1423678,3102,991,9796,8,2.0997071841023,51.012226431095
48661,1965,929,2314,684,162,27,1731110,3602,976,18931,6,3.5414225347858,55.935103624443
48763,1964,956,1458,445,102,17,1371512,2106,988,13317,1,4.9830580191685,60.261395367473
48499,1933,983,2018,630,192,32,2332993,4699,968,15574,8,10.243980725022,31.162615218602
48810,1922,948,1280,396,96,16,1335317,2970,993,13871,5,1.5499592538644,49.86598184419
49000,1908,969,1212,397,108,18,1378765,4818,982,9092,5,2.9627170739932,62.703962639024
49003,1902,963,1018,330,96,16,1143974,3331,990,7591,7,2.5927701957561,46.217490649925
48602,1889,959,2506,804,212,35,1651220,3825,982,19363,11,2.1704939045446,33.379797807129
48559,1881,1013,4131,1308,402,67,2270805,7337,983,19543,6,6.4803551496524,70.255926883762
48392,1857,1010,2905,866,268,44,1765239,2859,1000,21021,3,6.3838477473976,37.41303853869
48599,1849,967,3244,1011,241,40,1959293,5214,986,20326,12,2.1940535801979,75.949030822176
48603,1809,978,2086,612,152,25,1954853,3420,976,17626,10,2.6368268864744,53.65787011985
48636,1799,984,5724,1857,484,81,2946178,6507,993,24032,12,2.9278592448816,75.886127989903
48471,1784,964,2368,755,192,32,1604256,4073,974,19678,5,5.2402537876624,55.918015613778
48578,1774,985,3881,1257,336,56,2503960,4638,986,19890,8,2.5142176897919,62.288743204517
48758,1766,967,1850,607,132,22,1405280,3316,983,18454,8,2.9108005367293,57.345828902828
48899,1763,989,3328,1093,342,57,2090179,4247,990,19978,9,2.3715224962118,54.602732179872
48730,1749,976,2040,633,180,31,1723625,2846,990,16911,11,5.2378031682933,58.009169918045
48623,1749,965,2892,858,217,36,1767301,4246,972,20951,4,1.9964625001777,50.197657849664
48854,1740,960,2392,745,228,38,2098575,2551,986,12331,6,0.62445733322545,23.075523216345
48643,1729,976,4010,1257,274,46,1381266,8474,994,26065,9,4.9106457085848,73.588561634139
49057,1715,972,684,221,48,8,890547,1590,989,6648,35,1.2872353616253,43.034023608969
49024,1685,974,1480,486,108,18,1607062,4092,992,9022,19,2.9464522641021,53.746792089999
48722,1678,948,1275,403,96,16,1227148,2018,983,13637,6,3.2010141477961,42.849419550388
48772,1669,979,1722,552,123,20,2228102,2798,993,13918,11,2.3170965140207,65.624207370615
48770,1669,984,1907,588,157,26,1749572,2391,993,13245,7,6.4862710188401,58.412390443941
48572,1669,997,3995,1287,308,51,3260101,5076,985,19082,12,21.893753454443,63.847612166646
48506,1641,953,4605,1470,366,61,2470630,5937,980,24866,7,3.1783019781848,50.656296195431
48895,1634,964,1303,420,90,15,1666873,2202,990,9144,5,17.937593905717,49.642964005981
48835,1632,968,1592,468,126,21,1390124,2833,995,17020,10,2.4208322715112,88.060614637322
48940,1626,978,1591,514,138,23,2648679,3426,1000,10002,6,4.0307595002065,38.915889511191
48951,1601,969,937,300,74,12,1624269,1517,980,8095,7,3.4756528338901,57.72811337468
48391,1600,964,1952,606,192,32,1895510,2623,977,15752,7,1.2867254321517,69.548266341067
49027,1598,978,994,320,96,16,747711,3544,997,5676,12,2.4371832106085,70.552908989052
48728,1598,973,2555,765,210,35,1754218,3865,985,16460,7,11.874982527804,68.144893636536
48545,1581,962,1627,487,146,24,1107112,3133,1000,16067,2,4.0684332684098,39.113701846941
48821,1579,952,2094,636,211,35,1087429,3857,988,15218,7,23.779033852979,51.36590492422
48600,1567,976,3722,1161,282,47,2467842,4272,991,21581,9,6.3085685778602,68.920476622802
48960,1559,982,2071,678,180,30,1692498,4135,990,9355,8,2.5737012434983,46.781542565408
48875,1559,957,3227,1047,252,42,2101915,3204,990,16985,4,2.1551433310431,54.321827679766
48749,1532,975,4496,1419,378,63,2471617,5382,995,19510,6,3.8968023179821,64.668785259127
48756,1529,970,2416,768,192,33,2406477,3319,992,19969,8,12.696193894744,54.815140003649
48846,1513,973,3405,1112,312,52,2731353,3820,984,14594,11,3.1167810859568,62.101488947645
48801,1493,969,3307,1065,228,38,2248094,3648,988,17562,9,2.0033480912712,33.653175359613
48909,1484,961,2107,679,168,28,1833272,6009,985,15955,4,2.836353828299,32.528893310802
48512,1459,943,3464,1110,199,33,2356654,4383,968,18603,6,4.5804462049007,73.945467767483
48439,1459,968,1689,522,155,26,938316,2662,986,18027,6,7.4461415360005,24.252970679879
48470,1452,969,1848,535,170,28,1096004,2773,981,17667,11,0.8629834392041,36.00136773232
48969,1428,958,1136,357,126,21,1735605,2077,983,8463,8,3.4859269538186,40.335325938117
48942,1399,966,1389,453,114,19,1773971,2574,981,10575,4,10.471344068912,13.182791123199
48905,1392,964,2072,674,162,27,2250445,3829,982,11210,4,4.5284077645181,68.86151681641
49042,1388,967,883,287,66,11,889917,1922,986,7046,14,1.9325381743362,38.196696885715
48867,1385,940,1374,439,144,24,1112603,1510,984,14845,3,5.7697095087288,50.813232068776
48642,1381,963,5176,1691,408,68,2601847,4612,990,22677,13,7.8608739300586,53.77024840438
48775,1362,957,2262,735,180,30,1273031,7158,996,16308,3,166.58399957163,67.820774855205
48440,1350,1004,2420,735,186,31,1387606,4733,991,20472,6,6.2580783255319,51.674533618834
48688,1349,974,3454,1083,243,40,1990338,2785,988,17418,9,10.355090532291,61.723820061697
48563,1349,975,2911,930,251,41,2322699,3825,984,16499,12,4.2200792220663,71.847607557009
48971,1346,984,2112,682,234,39,2657858,4734,993,12533,12,2.0395572691872,46.105530810423
48923,1346,987,3257,1072,276,46,2414343,3623,988,11791,7,10.956552904858,61.445894830958
48819,1329,976,2836,906,265,44,2254560,7818,988,17970,7,2.6120061331361,65.552613952924
48780,1326,977,1379,402,96,16,1614751,3371,993,13345,5,5.40364137053,57.584846668868
48433,1326,1010,3712,1149,288,48,1513965,6130,996,23121,3,5.6975107795136,86.350906499032
48782,1322,965,2902,902,180,30,1406594,5560,988,20139,12,2.0424585381386,37.404903374067
48350,1321,983,2597,766,174,29,1614901,3845,983,22859,3,0.86760148082873,29.805345092249
49065,1312,991,364,117,24,4,667587,557,993,3476,97,5.344842664435,46.069330288629
48943,1289,962,2136,699,172,29,1801939,5398,1002,12257,5,4.43524371724,79.455162217264
48716,1289,972,3230,1053,294,48,2068069,2708,995,16867,3,3.4819505133853,64.813971027139
48576,1269,956,2674,858,234,40,2184547,3542,980,15642,7,4.1266479597854,51.697230589874
48568,1258,983,2739,866,216,36,2862359,3920,985,18429,11,6.8819871152257,63.492977524867
48565,1254,998,2953,948,228,38,2184279,4733,1000,19477,3,5.8054256838517,66.79689926704
48670,1246,974,2691,870,198,33,2195005,8075,987,18072,7,5.0072321736624,90.622516316337
48459,1236,1007,2303,683,162,27,1542438,2918,999,20134,3,2.662710396696,42.230616678272
48667,1229,977,3461,1092,212,35,1996610,8150,1002,17376,8,13.405317772756,72.686748278887
48718,1199,975,1845,573,120,21,1242834,3141,982,15444,12,6.6907368422615,54.531373893667
48847,1177,962,2399,730,198,33,2574061,3789,992,11348,5,2.5087058769562,68.53132301953
48823,1172,976,2040,641,174,29,1914503,3029,985,15624,2,10.392238478547,57.434387234977
48635,1166,971,1538,465,122,20,1546114,3023,986,12766,5,3.035329137548,64.806881352837
49064,1161,976,1241,413,102,17,672400,4414,994,8066,64,1.7523262082281,58.67938915714
48523,1160,957,2562,827,248,41,2582467,2581,982,15234,4,25.223995226426,53.470601897798
48929,1159,993,2138,696,241,41,2577845,3320,1002,10335,10,4.3850056026852,47.532121750591
48416,1159,969,3529,1149,343,55,1899942,2146,970,14882,7,0.87448996171709,41.783171790366
48743,1137,963,2530,729,217,36,1594908,3163,987,12191,7,3.5142493852736,61.365578837234
48822,1122,955,2126,696,144,24,2762491,3521,986,13744,9,15.073924090752,46.82315701865
49061,1119,967,1529,510,145,24,736250,8541,981,7011,48,2.2009527827744,37.055933618874
49011,1112,974,1161,375,102,17,1309726,1928,992,8926,6,1.9618138939097,42.438130382555
49043,1097,971,1590,529,102,17,737250,6487,981,7486,29,4.9038222013259,77.365922172154
48783,1092,969,1765,572,192,32,1813817,2778,989,12353,7,2.1829427310931,51.434978637577
48579,1074,979,1715,528,177,29,1962067,2568,996,16620,1,6.0353789619151,40.009622310433
48538,1071,964,2605,832,216,36,1467459,3006,990,12737,5,3.2680459693069,58.100292267421
48957,1068,960,2817,919,234,39,1819267,5580,986,13294,3,5.520550490637,42.413420346351
48874,1063,957,1621,514,133,22,1374698,2811,988,11619,2,8.1728574062128,39.30751615327
48720,1042,945,2363,765,162,27,1172171,5710,982,19309,5,12.690193216992,71.192224805774
48979,1040,962,1426,462,120,20,1167705,2611,984,12022,4,4.3166677177397,83.62704066411
48769,1037,958,2015,638,186,31,2076344,3153,997,14395,9,9.039371277407,65.690582786158
49021,1022,953,627,204,66,11,1246988,1808,978,5688,13,1.1946613828362,39.702222365001
49010,1013,958,1298,429,72,12,1019603,4658,992,7396,8,4.6267657825635,34.112591244213
48949,1000,975,1318,429,132,22,1592318,2499,1002,7932,5,1.8947068457738,50.488083187556
48574,992,970,2005,642,120,20,1460098,3995,997,18877,4,4.332229972574,74.726884204755
49028,969,973,1301,429,126,21,1143115,2615,995,9236,21,3.4068189118705,57.270213237351
48451,969,973,1194,381,60,10,834727,3255,1001,17813,4,1.8764157079107,45.006883261778
49013,968,958,937,304,72,12,1155213,2245,982,7061,10,2.0877611721398,41.883779860254
48973,963,972,1617,527,144,24,1610869,3500,993,12106,5,10.15510887714,67.656967925293
48507,959,957,2587,789,210,35,1373918,3204,990,17607,5,2.666077440743,50.636088244204
48833,949,946,1663,510,114,19,1746365,2161,987,11954,8,20.13302632362,31.637498496059
48621,933,965,1960,582,150,25,1818596,2762,986,14532,6,1.5352491786657,28.80558255088
48877,927,969,2403,788,198,33,2493253,2541,990,13950,7,3.3390079016934,58.648391980416
48805,899,952,2255,732,162,27,1122485,4546,991,16580,3,6.2695554972281,70.345699553427
49053,897,973,1259,420,108,18,878860,4010,985,7546,30,2.8793670895949,62.355482394147
48920,885,968,1358,439,138,23,1719664,1719,980,8911,5,3.2889825779451,50.530984335037
48981,877,971,826,270,102,17,1080330,1501,997,6689,3,2.4480576383821,24.475158270027
48589,874,945,2276,684,180,30,1841138,2996,978,15910,7,2.1692941837777,56.018964227532
48564,869,994,1836,582,132,22,1687354,3015,998,15699,1,7.1041834836344,62.427800245572
48963,865,959,1243,405,84,14,1248100,2391,982,11177,7,5.5179528373288,56.210635737468
48931,858,958,1422,459,132,22,1704073,1566,992,10228,2,2.400079218044,37.739754759822
48766,842,970,3224,1047,288,48,1849110,3611,991,16767,7,7.1425353524113,60.555983485111
48955,839,973,1226,399,73,13,1134481,3140,995,10688,12,23.003351352217,51.257884350414
48306,837,937,971,300,97,16,659737,1822,961,16776,4,2.7147067637253,29.389369566721
48664,833,950,2050,653,174,29,1599776,2607,985,14051,5,1.9786348932328,75.499693822837
48921,825,958,1650,521,180,30,1698851,1949,985,10671,5,5.6542933241496,14.706444210295
48809,825,937,1154,359,126,21,1006361,2941,979,10567,1,3.6052163710001,37.380155815166
48928,812,982,1614,515,132,22,1819337,2812,992,9424,10,4.2173942685566,56.835506449902
48396,798,976,1923,598,174,29,1719146,2005,987,14980,10,8.0673079269893,54.375139828431
49018,795,954,1630,541,156,26,1240443,3407,984,11421,15,3.9376379085467,57.797702222476
48655,786,944,1278,392,90,15,1183208,1334,989,12763,6,10.262811628202,67.096883447742
48701,784,1019,2435,774,188,31,1580858,4531,999,16054,3,4.6967667017982,63.450305246141
48755,759,961,2084,651,114,19,1804863,4085,986,12573,7,6.5068916645901,58.159494720432
48707,751,942,1629,494,120,20,1061469,2621,977,15026,5,1.6985493394504,65.772998957382
48988,741,968,1814,593,132,22,2039160,2704,991,9538,11,3.4236707530633,72.796126585786
48985,713,967,941,309,48,8,1162246,2609,989,7546,8,1.3807683217439,55.219162301602
48786,688,977,2078,657,126,21,1271258,3900,988,15327,7,7.2770364383415,49.500118039665
48546,688,958,1434,441,84,14,1852480,1882,991,12893,6,10.767320629687,23.144842602798
48746,686,965,1890,585,150,25,1377791,2216,988,15556,4,4.2298514271643,24.650747709887
49054,676,958,1098,366,72,12,843407,3305,973,6895,13,2.5312568070682,37.604508606641
48402,674,920,1344,404,91,15,664058,2514,993,14476,3,1.3425141149628,29.348675402477
48947,666,968,1604,519,120,20,1658998,1855,986,10095,6,4.4880969600301,46.01517630979
48907,660,937,1316,400,114,19,1223194,2157,986,9843,6,2.2567687184392,54.141962450267
48958,649,952,1443,468,135,22,1387027,4918,983,9838,8,2.1371320928753,36.37402797732
48881,630,942,1475,466,78,13,1023208,2153,985,14328,7,4.0583492953211,49.397897083802
48967,621,970,701,224,42,7,824334,1116,983,6993,2,7.0552736853645,34.87054395728
48792,609,951,1784,540,110,19,1314059,2229,986,15152,4,3.9008612200716,42.894948567295
48535,599,966,1383,420,144,25,1024140,1425,984,15573,3,10.131868227843,53.428868153554
48415,593,952,1672,489,102,17,1077268,2467,994,19356,7,1.9483166045302,33.89558308794
49052,569,979,1111,369,88,15,910741,3894,988,7453,30,4.0003185116752,42.251910808933
48721,559,970,1674,519,102,17,1085121,2370,986,16146,7,1.2700320839333,64.786000991061
49060,558,978,1170,389,90,15,693722,3845,989,7620,25,2.4379817077069,64.067806890603
48977,549,973,1590,519,102,17,1474360,4793,994,9338,7,43.487392045594,63.506945102882
49056,548,972,1227,411,84,14,602656,3203,984,10611,27,2.0606858420726,69.475742028074
48992,538,956,1110,357,78,13,1359204,2017,978,7519,4,1.7347212892499,47.020058850646
48524,519,986,1634,462,147,24,1426051,1820,990,13162,7,1.6377320943858,62.836026148787
49016,512,976,980,312,90,15,1151676,2484,987,7216,9,13.795540986364,51.072720790795
48938,499,950,1868,603,156,26,2098043,2847,984,8575,8,2.1834070668051,36.515685775687
48785,498,952,1442,452,108,18,1953077,1254,986,9376,4,13.027061728437,47.049691538241
48974,481,954,1412,458,90,15,1349779,2631,993,11994,9,2.1894383516471,60.123575327955
48726,481,954,1825,507,114,19,2234255,1964,979,12159,3,5.9233076074243,15.847103145913
48935,479,962,1149,366,52,9,2172738,1431,990,6473,4,3.5191477252571,36.661024807956
49005,466,955,808,258,78,13,1086142,1022,982,6743,5,1.1374465177089,42.201248455307
49029,465,964,824,258,30,5,1208271,830,977,5268,14,20.945420010828,39.428585620216
48933,459,959,1862,597,146,24,2187517,1186,979,7625,7,4.7225153203824,36.247930809085
49030,451,976,1124,360,114,19,981279,1569,985,7439,14,2.1066015375432,58.872760207094
48866,445,984,1452,432,108,18,1461758,1998,986,10525,3,2.0590530518958,44.851724753502
48986,434,972,935,303,78,13,933891,1235,994,8186,1,7.1601769215657,51.763548771163
48691,423,948,1431,405,91,15,1068443,1411,986,11743,2,16.766616731484,47.835473687276
49072,418,985,585,195,36,6,536975,1721,993,5584,99,3.4398255620778,54.791241574109
49048,412,968,930,309,78,13,803816,1907,989,6510,15,1.0849892651989,29.775654008357
49009,406,958,792,251,54,9,1156666,1095,979,5943,8,2.1911134621789,42.63228444754
49026,405,965,701,225,48,8,936276,951,987,5311,8,6.6143168298992,25.676101897578
49059,395,970,595,192,54,9,788438,755,988,4457,29,17.797614338692,47.208938718537
49046,376,965,584,192,24,4,679163,810,977,5159,15,23.47311794394,47.966285670186
49062,371,982,446,147,48,8,747447,550,989,4260,50,2.2725726157901,45.086516053316
49037,360,977,694,220,48,8,785123,733,983,5191,17,3.0338675890772,37.771360471992
49035,347,966,798,261,60,10,954089,1160,998,6839,6,2.1760423287724,42.79691810704
49055,315,982,1066,354,96,16,905527,1602,986,8179,27,5.5175040235255,41.853593322092
48934,299,963,1181,351,97,17,1425656,1670,994,7805,7,2.4069624320221,38.732305252745
49073,293,988,546,182,72,12,659735,1067,993,4987,118,5.8416585045458,40.760530159662
49047,277,969,703,229,66,11,672016,1214,977,3906,15,2.1387879134194,28.678126938248
48998,273,962,944,308,60,10,1213151,926,986,6622,5,1.9885656826169,21.888742180871
49001,267,961,1047,327,72,12,1366722,2004,986,5992,8,1.3776697369759,42.337180599292
49017,264,965,751,240,78,13,719567,904,984,5486,3,0.68661407447852,22.325736604502
49066,249,993,508,168,37,7,533229,972,996,4503,75,2.8296103335467,46.304829275597
49022,241,954,691,214,78,13,915579,660,987,5553,6,3.1747256152771,45.421280956102
49063,233,973,689,225,24,4,657635,1217,984,5305,36,3.0050604400904,48.413184996311
49051,230,991,542,172,36,6,816474,594,996,5172,17,1.7906890352113,44.36444199519
49038,217,971,892,288,78,13,912811,915,990,5482,7,2.3433634336199,46.421937717048
49031,193,969,753,243,36,6,856032,1097,987,4293,11,2.8903100708099,67.354334797988
49070,192,978,455,150,18,3,436479,431,991,4754,56,2.0502863019884,36.072135265049
49034,170,975,786,246,48,8,855348,1113,983,5946,13,4.1326454166834,26.77617706622
49006,170,977,1090,334,84,14,1182772,787,984,6680,12,2.0601051777141,37.828859653524
49032,164,974,658,198,48,8,803847,610,986,5253,14,1.2487592055134,45.775439276075
49071,155,987,363,119,48,8,696596,292,988,2825,74,1.9141890559681,39.848225286877
49079,142,986,271,90,6,1,215482,383,988,2588,165,1.1352386802419,32.615964213737
49076,140,984,180,59,12,2,239431,367,988,2103,173,1.2825714619403,41.117511061721
49068,108,988,418,135,30,5,452862,284,992,2897,60,6.4181190788221,44.866428187101
49069,94,982,362,117,24,4,528318,286,0,2820,56,3.1125240401365,37.153610502118
49049,91,975,454,135,42,7,641856,305,0,2548,9,18.78201594242,42.26920207016
49067,88,993,402,130,30,5,622397,312,0,1909,81,4.5340050269419,35.517165036087
49074,62,991,141,47,18,3,262509,92,0,1600,158,2.5507713979535,35.715715606059
49075,55,990,207,68,12,2,224567,118,0,1462,148,3.0855260556627,27.467406744716
49078,54,995,178,57,6,1,217662,96,0,1466,157,1.69058198864,27.863161736061
49077,36,986,202,66,6,1,220986,62,0,1438,156,2.2978458730757,35.101376738407
49082,0,911,0,0,0,0,0,0,0,0,0,0,0
49084,0,890,0,0,0,0,0,0,0,0,0,0,0
49083,0,888,0,0,0,0,0,0,0,0,0,0,0
49080,0,874,0,0,0,0,0,0,0,0,0,0,0
49081,0,875,0,0,0,0,0,0,0,0,0,0,0
